id,first_name,last_name,email,address,city,state,zip
1,Carma,Scoterbosh,cscoterbosh0@booking.com,89824 Erie Parkway,Minneapolis,MN,55412
2,Urbanus,McOwen,umcowen1@cdc.gov,2 Scofield Plaza,Roanoke,VA,24040
3,Audy,Kidgell,akidgell2@woothemes.com,361 Pawling Pass,Milwaukee,WI,53234
4,Jacques,Jaynes,jjaynes3@yandex.ru,480 Hayes Road,Charleston,WV,25331
5,Fabiano,McHarry,fmcharry4@pen.io,85 Union Terrace,Crawfordsville,IN,47937
6,Layton,Vittery,lvittery5@who.int,000 Elgar Lane,Clearwater,FL,33763
7,Spenser,Wellfare,swellfare6@cloudflare.com,40 Fuller Hill,Long Beach,CA,90805
8,Karlotta,Filipychev,kfilipychev7@aol.com,636 Carpenter Trail,Columbus,OH,43240
9,Efren,Broadberrie,ebroadberrie8@china.com.cn,0397 Columbus Center,Albany,NY,12210
10,Lucretia,Duplock,lduplock9@cpanel.net,31593 Spaight Plaza,Memphis,TN,38104
11,Stephenie,Syncke,ssynckea@scribd.com,81 Superior Street,Portland,OR,97240
12,Tally,Renison,trenisonb@umn.edu,21 Dixon Avenue,Orlando,FL,32859
13,Sigrid,McKernon,smckernonc@unc.edu,20278 Daystar Center,Lubbock,TX,79410
14,Holmes,Truett,htruettd@ox.ac.uk,708 Gulseth Park,Cambridge,MA,02142
15,Iona,Symington,isymingtone@is.gd,3 Dahle Street,Bozeman,MT,59771
16,Halley,Sandyford,hsandyfordf@icio.us,7 Dexter Place,Springfield,MO,65810
17,Deck,Wingeat,dwingeatg@earthlink.net,80405 Tennyson Hill,Charlotte,NC,28284
18,Freddie,Danielis,fdanielish@is.gd,28 Caliangt Junction,Cumming,GA,30130
19,Edee,Quinnette,equinnettei@google.ca,583 Heffernan Avenue,Boston,MA,02203
20,Bear,Branno,bbrannoj@upenn.edu,71 Di Loreto Crossing,Akron,OH,44393
21,Jaquenetta,Lewsie,jlewsiek@sourceforge.net,9 Carberry Parkway,Sandy,UT,84093
22,Lilllie,Championnet,lchampionnetl@newsvine.com,5 Hoffman Place,Orlando,FL,32803
23,Hurleigh,Tytterton,htyttertonm@tamu.edu,25 Pawling Drive,Pittsburgh,PA,15250
24,Delano,Le Ball,dleballn@goodreads.com,0 Macpherson Trail,Van Nuys,CA,91499
25,Felita,Mulliner,fmullinero@cornell.edu,92 Schmedeman Drive,Dallas,TX,75358
26,Jackquelin,Theodoris,jtheodorisp@youtu.be,388 Manley Center,Atlanta,GA,31196
27,Nicolette,Poole,npooleq@sun.com,01 Washington Avenue,Mansfield,OH,44905
28,Kip,Baudoux,kbaudouxr@mlb.com,377 Caliangt Point,Kansas City,KS,66160
29,Lisbeth,Stickells,lstickellss@reuters.com,7289 Division Hill,Atlanta,GA,30392
30,Red,Thorington,rthoringtont@sourceforge.net,124 Delladonna Pass,Seattle,WA,98166
31,Rowen,Tandy,rtandyu@alibaba.com,028 Beilfuss Drive,Newport News,VA,23612
32,Joanie,Echalier,jechalierv@prweb.com,86518 Debs Street,Young America,MN,55551
33,Bevvy,Roakes,broakesw@purevolume.com,8929 Montana Plaza,Portland,ME,04109
34,Valdemar,Featherstonhaugh,vfeatherstonhaughx@constantcontact.com,0429 Stang Circle,Buffalo,NY,14276
35,Valida,Durbyn,vdurbyny@4shared.com,5150 Summerview Center,Chicago,IL,60630
36,Markus,Woodard,mwoodardz@comsenz.com,151 Prentice Hill,Atlanta,GA,30311
37,Giorgio,Capaldi,gcapaldi10@behance.net,3571 Stang Court,Buffalo,NY,14210
38,Tildie,Stephenson,tstephenson11@cloudflare.com,71242 Sloan Pass,Alexandria,VA,22309
39,Normie,MacIllrick,nmacillrick12@zimbio.com,9379 Commercial Crossing,Columbia,SC,29225
40,Cristie,Riggott,criggott13@paginegialle.it,4320 Tennessee Lane,Lafayette,LA,70593
41,Kora,Biskupek,kbiskupek14@nsw.gov.au,10 Vidon Pass,Phoenix,AZ,85030
42,Terrell,McEvon,tmcevon15@google.it,66 Hagan Hill,Charleston,SC,29424
43,Chandler,Thackston,cthackston16@amazon.de,79 2nd Junction,Springfield,MO,65810
44,Baldwin,Palia,bpalia17@wp.com,9516 Tennyson Drive,San Francisco,CA,94121
45,Yancy,Martt,ymartt18@phoca.cz,41149 Hanover Road,Lexington,KY,40596
46,Raven,Klaassens,rklaassens19@wisc.edu,6504 Thompson Street,Atlanta,GA,31196
47,Lew,Watman,lwatman1a@moonfruit.com,72462 Commercial Park,Jamaica,NY,11470
48,Lemuel,Brunroth,lbrunroth1b@google.cn,70578 Amoth Trail,Orlando,FL,32819
49,Annabelle,Waything,awaything1c@amazonaws.com,67 Mariners Cove Court,Omaha,NE,68105
50,Andres,Mosconi,amosconi1d@live.com,8049 Main Terrace,Detroit,MI,48224
51,Augustine,Minghella,aminghella1e@arstechnica.com,97 Bayside Court,Hampton,VA,23668
52,Abba,Stubbeley,astubbeley1f@tumblr.com,5782 Texas Junction,Washington,DC,20425
53,Galvin,Pittson,gpittson1g@drupal.org,63374 Commercial Street,Cumming,GA,30130
54,Tanner,Dyhouse,tdyhouse1h@sciencedaily.com,60668 Karstens Way,Alpharetta,GA,30022
55,Bryn,Feavyour,bfeavyour1i@shop-pro.jp,4785 Delaware Avenue,Anchorage,AK,99512
56,Katrina,Oene,koene1j@cloudflare.com,9362 Clyde Gallagher Hill,Seattle,WA,98185
57,Kate,Doerling,kdoerling1k@google.co.jp,45409 Golf Road,Houston,TX,77060
58,Lanie,Borton,lborton1l@marketwatch.com,83 Rieder Place,Tacoma,WA,98411
59,Titus,Coaten,tcoaten1m@goo.ne.jp,74969 Badeau Parkway,Birmingham,AL,35254
60,Stillmann,McConnulty,smcconnulty1n@theatlantic.com,0 Linden Alley,Augusta,GA,30911
61,Timmie,Scudamore,tscudamore1o@nydailynews.com,7106 Carberry Junction,Rochester,NY,14652
62,Barde,Dakers,bdakers1p@addtoany.com,5008 Blue Bill Park Place,Orange,CA,92668
63,Hana,Devote,hdevote1q@desdev.cn,293 Dunning Place,Woburn,MA,01813
64,Betteann,Desouza,bdesouza1r@sciencedirect.com,06 Blue Bill Park Lane,Arlington,TX,76011
65,Tilly,Haylett,thaylett1s@addtoany.com,916 Carey Point,Savannah,GA,31416
66,Parsifal,Armit,parmit1t@imgur.com,8 Beilfuss Way,Amarillo,TX,79171
67,Donelle,Ertel,dertel1u@gov.uk,50 Toban Pass,Virginia Beach,VA,23464
68,Urban,Brabyn,ubrabyn1v@booking.com,7 Pearson Street,Albany,NY,12232
69,Natalya,Tittershill,ntittershill1w@csmonitor.com,45 Gulseth Drive,Washington,DC,20099
70,Leonhard,Bytheway,lbytheway1x@wikispaces.com,91015 Bowman Court,Modesto,CA,95354
71,Nerita,McCarroll,nmccarroll1y@symantec.com,0 Green Ridge Lane,Charleston,WV,25326
72,Anallese,Bottjer,abottjer1z@vkontakte.ru,168 John Wall Center,Phoenix,AZ,85067
73,Gertie,Creed,gcreed20@delicious.com,4 Eggendart Alley,Birmingham,AL,35210
74,Fonzie,Brownhill,fbrownhill21@trellian.com,815 Manitowish Point,Charlotte,NC,28230
75,Charyl,Blowfelde,cblowfelde22@yandex.ru,707 Schiller Hill,Boulder,CO,80305
76,Alexis,Anney,aanney23@de.vu,54359 Sachtjen Alley,Davenport,IA,52809
77,Rollins,Meckiff,rmeckiff24@gnu.org,85 Texas Circle,Saint Louis,MO,63167
78,Wendall,Bramich,wbramich25@unicef.org,3 Homewood Place,Atlanta,GA,31136
79,Haskel,Arrighetti,harrighetti26@purevolume.com,9315 Esker Junction,Alexandria,VA,22301
80,Terrel,Ruller,truller27@archive.org,75 Dexter Avenue,Saint Paul,MN,55114
81,Devland,Birdsey,dbirdsey28@globo.com,98603 Fairfield Court,Valdosta,GA,31605
82,Antonin,Minchin,aminchin29@elegantthemes.com,7735 Barnett Street,College Station,TX,77844
83,Cheston,Vance,cvance2a@over-blog.com,5987 Utah Alley,Bradenton,FL,34205
84,Rudolf,Omar,romar2b@hugedomains.com,85815 8th Junction,Erie,PA,16505
85,Korry,Lambrick,klambrick2c@google.pl,661 Eastwood Alley,Charlotte,NC,28215
86,Alma,Astle,aastle2d@themeforest.net,4157 North Road,Tampa,FL,33633
87,Karine,Turk,kturk2e@ca.gov,61 Pleasure Way,Fresno,CA,93721
88,Lee,Silber,lsilber2f@technorati.com,24148 Bartillon Point,Baltimore,MD,21211
89,York,McElvine,ymcelvine2g@dailymail.co.uk,0683 Oxford Parkway,Jacksonville,FL,32236
90,Karil,Carillo,kcarillo2h@wired.com,04 Forest Run Junction,Arvada,CO,80005
91,Gardie,Sneesby,gsneesby2i@deviantart.com,3 Weeping Birch Junction,Anniston,AL,36205
92,Jule,Gooddy,jgooddy2j@canalblog.com,225 International Drive,San Jose,CA,95150
93,Hestia,Dunsmuir,hdunsmuir2k@meetup.com,98873 Aberg Crossing,Columbus,GA,31914
94,Chere,Hawking,chawking2l@census.gov,80532 Eastlawn Parkway,Harrisburg,PA,17105
95,Cecilius,Wilsdon,cwilsdon2m@answers.com,46124 Green Ridge Terrace,Washington,DC,20036
96,Worthington,Erangey,werangey2n@e-recht24.de,88 Daystar Street,Wilmington,DE,19886
97,Lesya,Houlahan,lhoulahan2o@hhs.gov,72189 Raven Crossing,Boston,MA,02114
98,Arel,Coulson,acoulson2p@yahoo.co.jp,9 Bashford Crossing,Metairie,LA,70005
99,Arlee,Jozwiak,ajozwiak2q@engadget.com,69 Hollow Ridge Avenue,New York City,NY,10249
100,Daniele,Fernao,dfernao2r@free.fr,32 Warrior Place,Bloomington,IL,61709
101,Mab,Tollady,mtollady2s@foxnews.com,44405 Stoughton Terrace,Charlotte,NC,28263
102,Padget,Thorlby,pthorlby2t@slideshare.net,67 Carey Hill,Los Angeles,CA,90101
103,Brad,Roblin,broblin2u@naver.com,30257 Anderson Court,Albany,NY,12255
104,Risa,Chomicki,rchomicki2v@webeden.co.uk,271 Toban Way,Springfield,IL,62794
105,Alverta,De Gogay,adegogay2w@godaddy.com,41 Pond Parkway,Omaha,NE,68117
106,Hank,Pudsey,hpudsey2x@state.gov,646 Twin Pines Road,Saint Petersburg,FL,33737
107,Lynda,Truss,ltruss2y@friendfeed.com,0329 Kensington Junction,Lubbock,TX,79405
108,Betteanne,Gatsby,bgatsby2z@csmonitor.com,90 Glacier Hill Park,Phoenix,AZ,85053
109,Belicia,Quinell,bquinell30@bloomberg.com,9 Portage Junction,Des Moines,IA,50369
110,Taffy,Cribbin,tcribbin31@gnu.org,418 Dawn Street,Atlanta,GA,31106
111,Gregor,Meadows,gmeadows32@bloglovin.com,682 Elka Hill,Cambridge,MA,02142
112,Dorris,Meah,dmeah33@bravesites.com,61496 Melody Alley,North Hollywood,CA,91616
113,Clarance,Bonehill,cbonehill34@nymag.com,4663 Marquette Lane,Glendale,AZ,85305
114,Ole,Ledamun,oledamun35@squidoo.com,086 Buell Pass,Huntsville,AL,35815
115,Tommie,Gounin,tgounin36@comsenz.com,221 Everett Hill,Evansville,IN,47719
116,Zelda,Barbera,zbarbera37@163.com,9862 Scott Way,Richmond,CA,94807
117,Les,Rayhill,lrayhill38@seattletimes.com,26969 Forest Dale Trail,Panama City,FL,32412
118,Tabbie,Vaughn,tvaughn39@nyu.edu,43718 Buena Vista Parkway,Wilmington,NC,28410
119,Mitzi,Honywill,mhonywill3a@amazon.de,6 West Drive,Minneapolis,MN,55458
120,Dirk,Ickov,dickov3b@uol.com.br,32107 Debra Trail,Danbury,CT,06816
121,Murvyn,Hymor,mhymor3c@gravatar.com,94842 Muir Pass,Des Moines,IA,50981
122,Katrina,Slocket,kslocket3d@mediafire.com,5225 Kedzie Lane,Las Vegas,NV,89145
123,Averil,O'Hickey,aohickey3e@loc.gov,31657 Old Shore Place,Washington,DC,20051
124,Jacinta,Consadine,jconsadine3f@tinypic.com,2489 Farragut Crossing,Jersey City,NJ,07305
125,Thibaud,Hefferon,thefferon3g@dell.com,71859 Schiller Parkway,Bridgeport,CT,06673
126,Vasilis,Norcutt,vnorcutt3h@vinaora.com,74 Fuller Circle,Kansas City,KS,66160
127,Kendrick,Jereatt,kjereatt3i@amazon.de,64234 Pankratz Street,Orlando,FL,32891
128,Baryram,Matevushev,bmatevushev3j@elpais.com,4670 Kropf Park,Cincinnati,OH,45249
129,Shayne,Babar,sbabar3k@indiatimes.com,0 Birchwood Crossing,Mesa,AZ,85210
130,Gaynor,Goves,ggoves3l@php.net,5 South Point,El Paso,TX,88541
131,Merrilee,Corse,mcorse3m@vistaprint.com,2012 Reinke Alley,Atlanta,GA,30301
132,Aggi,Moverley,amoverley3n@etsy.com,77634 Pierstorff Lane,Las Vegas,NV,89105
133,Shayne,Kittel,skittel3o@usnews.com,0891 Jana Avenue,Miami,FL,33153
134,Hermie,Kenewel,hkenewel3p@si.edu,0 Hoepker Plaza,San Rafael,CA,94913
135,Neile,Chalkly,nchalkly3q@cargocollective.com,6 Morningstar Lane,Virginia Beach,VA,23459
136,Alphonso,O'Corr,aocorr3r@buzzfeed.com,942 Loomis Trail,Louisville,KY,40205
137,Russell,Hames,rhames3s@google.nl,58 Farwell Junction,Petaluma,CA,94975
138,Shermy,Goretti,sgoretti3t@upenn.edu,21804 Spaight Road,Miami,FL,33245
139,Lenna,Pasterfield,lpasterfield3u@fema.gov,67 Mayfield Pass,El Paso,TX,88541
140,Dino,Kopman,dkopman3v@google.it,0 Utah Way,Plano,TX,75074
141,Walther,Attride,wattride3w@illinois.edu,78878 4th Plaza,Augusta,GA,30911
142,Gardener,Costa,gcosta3x@dyndns.org,4945 Hoard Crossing,Tampa,FL,33647
143,Selle,Stollhofer,sstollhofer3y@nytimes.com,29597 International Way,Cincinnati,OH,45243
144,Peggie,Buckney,pbuckney3z@github.io,73 Mccormick Parkway,Sacramento,CA,94207
145,Ceciley,Cottel,ccottel40@jugem.jp,02 Bowman Center,Portland,OR,97206
146,Darlene,Legan,dlegan41@ehow.com,28803 Killdeer Terrace,Tampa,FL,33686
147,Cindee,Rimington,crimington42@smh.com.au,93 Westerfield Park,Toledo,OH,43666
148,Jazmin,Bremner,jbremner43@lycos.com,8160 Barby Lane,Longview,TX,75605
149,Darleen,Yearby,dyearby44@mozilla.org,3846 Glacier Hill Hill,Chicago,IL,60609
150,Frieda,Netley,fnetley45@wisc.edu,80531 Hanover Center,Mobile,AL,36616
151,Sonia,Feasey,sfeasey46@cbc.ca,12601 Melvin Parkway,Johnstown,PA,15906
152,Garrett,Manshaw,gmanshaw47@webs.com,60546 Westridge Circle,Bakersfield,CA,93311
153,Mirelle,Tanton,mtanton48@techcrunch.com,94121 Dovetail Hill,Charleston,SC,29411
154,Christophe,Rosensaft,crosensaft49@ycombinator.com,9 Johnson Way,Bethlehem,PA,18018
155,Roderick,Karolczyk,rkarolczyk4a@foxnews.com,87 Prairie Rose Alley,Baltimore,MD,21239
156,Lyda,Herreros,lherreros4b@bluehost.com,28 Shopko Lane,Wilkes Barre,PA,18706
157,Ahmed,Auchterlony,aauchterlony4c@a8.net,73 Kedzie Plaza,Amarillo,TX,79118
158,Orin,Braunthal,obraunthal4d@nps.gov,48 Toban Road,Long Beach,CA,90831
159,Holmes,Lomb,hlomb4e@weather.com,58 Spenser Lane,Los Angeles,CA,90101
160,Duffie,Alyukin,dalyukin4f@virginia.edu,76702 Del Sol Street,Sacramento,CA,94297
161,Breena,Cavendish,bcavendish4g@noaa.gov,0850 Forest Parkway,Worcester,MA,01654
162,Kalvin,Goodwyn,kgoodwyn4h@edublogs.org,897 Fair Oaks Terrace,Atlanta,GA,30323
163,Sid,Simonds,ssimonds4i@themeforest.net,51499 Shasta Alley,Huntsville,AL,35805
164,Ambros,Shepeard,ashepeard4j@shop-pro.jp,3311 Northridge Street,Honolulu,HI,96810
165,Annissa,Cordelle,acordelle4k@liveinternet.ru,48 Homewood Avenue,Troy,MI,48098
166,Jess,Gibbeson,jgibbeson4l@pinterest.com,286 Bunker Hill Parkway,Saint Cloud,MN,56372
167,Jillie,de Villier,jdevillier4m@samsung.com,8 Hallows Road,Paterson,NJ,07544
168,Fionna,Bywaters,fbywaters4n@shutterfly.com,2 Mallory Way,Toledo,OH,43666
169,Godiva,Aleksahkin,galeksahkin4o@shareasale.com,522 Eagle Crest Drive,Berkeley,CA,94705
170,Reynard,O'Sirin,rosirin4p@redcross.org,0238 Little Fleur Crossing,Sacramento,CA,94273
171,Rolph,Steinhammer,rsteinhammer4q@1und1.de,653 Buell Plaza,Wilkes Barre,PA,18763
172,Rosaline,Zealy,rzealy4r@fotki.com,7593 Vernon Point,Salt Lake City,UT,84115
173,Selinda,Renachowski,srenachowski4s@free.fr,731 Troy Circle,Raleigh,NC,27626
174,Orville,Scougall,oscougall4t@google.com,848 Corscot Hill,Mobile,AL,36610
175,Fidole,Wimbush,fwimbush4u@merriam-webster.com,9241 Oneill Street,Charlotte,NC,28225
176,Drugi,Mennithorp,dmennithorp4v@google.de,14594 Stoughton Hill,Topeka,KS,66629
177,Tito,Dionis,tdionis4w@google.it,828 Springview Alley,Naperville,IL,60567
178,Dulce,Jochens,djochens4x@elpais.com,142 Gateway Pass,Atlanta,GA,31190
179,Koralle,Matschuk,kmatschuk4y@intel.com,83 Goodland Crossing,Saginaw,MI,48604
180,Kristel,Ternott,kternott4z@amazon.co.jp,2812 Cody Center,Hayward,CA,94544
181,Rosamond,Deaville,rdeaville50@weather.com,26289 Truax Circle,Chicago,IL,60652
182,Florencia,Osichev,fosichev51@comsenz.com,00600 Green Ridge Terrace,Dallas,TX,75358
183,Ax,Hickisson,ahickisson52@slideshare.net,11966 Del Sol Pass,Saint Louis,MO,63167
184,Tomi,Sonnenschein,tsonnenschein53@buzzfeed.com,024 Manley Pass,Savannah,GA,31405
185,Alva,Elwood,aelwood54@technorati.com,55574 Bayside Way,Ridgely,MD,21684
186,Marquita,Shearmer,mshearmer55@oakley.com,93198 Artisan Point,Escondido,CA,92030
187,Alison,Astill,aastill56@howstuffworks.com,19591 Fremont Way,Memphis,TN,38131
188,Ninnette,Wallage,nwallage57@nba.com,42209 Elgar Pass,New Haven,CT,06510
189,Johannah,Pull,jpull58@fema.gov,8808 Heffernan Road,Fort Wayne,IN,46857
190,Hadrian,Sondland,hsondland59@hao123.com,0900 Manitowish Hill,Baton Rouge,LA,70805
191,Ambrosio,Flannigan,aflannigan5a@youtu.be,1 Welch Park,Fresno,CA,93762
192,Lynnea,Tuminelli,ltuminelli5b@360.cn,4251 Caliangt Hill,Abilene,TX,79699
193,Leelah,Janes,ljanes5c@phpbb.com,36872 Westport Center,Salem,OR,97306
194,Weston,Demsey,wdemsey5d@w3.org,492 Gale Lane,Albany,NY,12242
195,Iorgo,Outlaw,ioutlaw5e@tiny.cc,96 Farragut Crossing,Houston,TX,77266
196,Diandra,Bonett,dbonett5f@xinhuanet.com,3 Kinsman Point,Buffalo,NY,14210
197,Gizela,Youd,gyoud5g@mysql.com,473 Garrison Point,Pittsburgh,PA,15240
198,Isaak,McGeorge,imcgeorge5h@constantcontact.com,33 Maryland Road,Salinas,CA,93907
199,Aubry,Garstang,agarstang5i@shop-pro.jp,7224 Granby Avenue,Flushing,NY,11355
200,Ephraim,Easterbrook,eeasterbrook5j@oakley.com,299 Grasskamp Street,Miami Beach,FL,33141
201,Fabian,Brownhall,fbrownhall5k@soundcloud.com,855 Bayside Hill,Chicago,IL,60663
202,Moritz,Corcoran,mcorcoran5l@homestead.com,497 Grim Alley,Washington,DC,20525
203,Erastus,Bleything,ebleything5m@who.int,126 Gerald Parkway,Los Angeles,CA,90010
204,Bealle,Scocroft,bscocroft5n@cocolog-nifty.com,5155 Bashford Trail,New York City,NY,10160
205,Jessee,Toretta,jtoretta5o@histats.com,94 Chive Trail,Fort Worth,TX,76105
206,Edsel,Veldstra,eveldstra5p@boston.com,70070 Lakeland Junction,Louisville,KY,40205
207,Hillel,Cruddas,hcruddas5q@opera.com,97450 Westport Drive,Naperville,IL,60567
208,Yoshiko,Girke,ygirke5r@mtv.com,6 Independence Road,Chattanooga,TN,37405
209,Catha,Deason,cdeason5s@cocolog-nifty.com,5802 Russell Place,Washington,DC,20414
210,Babb,Shropsheir,bshropsheir5t@dmoz.org,982 Prairieview Way,Henderson,NV,89074
211,Dacey,Gerok,dgerok5u@indiatimes.com,3703 Grim Court,Clearwater,FL,34620
212,Mace,Sewell,msewell5v@cmu.edu,03602 Forster Avenue,Omaha,NE,68124
213,Bryn,Yearsley,byearsley5w@webmd.com,319 Homewood Place,Cambridge,MA,02142
214,Garrett,McKillop,gmckillop5x@google.co.jp,3526 Bellgrove Street,Pittsburgh,PA,15255
215,Wiatt,Yakubov,wyakubov5y@instagram.com,367 Union Crossing,Warren,OH,44485
216,Hastie,Raiman,hraiman5z@tuttocitta.it,6 Straubel Pass,Oklahoma City,OK,73114
217,Friederike,Goodbanne,fgoodbanne60@wix.com,657 Heath Avenue,Pensacola,FL,32511
218,Tabbie,Gradly,tgradly61@ustream.tv,18453 Burrows Terrace,Springfield,IL,62711
219,Delbert,Hitzke,dhitzke62@hubpages.com,446 Nevada Pass,Saginaw,MI,48609
220,Cort,Caspell,ccaspell63@friendfeed.com,043 Moland Parkway,Panama City,FL,32412
221,Drucie,Petran,dpetran64@scribd.com,5483 7th Park,Chicago,IL,60604
222,Cary,Meco,cmeco65@wunderground.com,21 Logan Crossing,Harrisburg,PA,17121
223,Ardene,Kenen,akenen66@bravesites.com,94762 Hauk Trail,Evansville,IN,47712
224,Stacy,Medford,smedford67@yahoo.co.jp,76 Browning Park,Austin,TX,78749
225,Shaw,Broscombe,sbroscombe68@cargocollective.com,9 Dapin Street,Detroit,MI,48258
226,Rhea,Matuszinski,rmatuszinski69@linkedin.com,9 Buhler Pass,Charlotte,NC,28205
227,Anastasia,Goundrill,agoundrill6a@flickr.com,730 Hoard Alley,Jackson,MS,39282
228,Kath,Calvert,kcalvert6b@shareasale.com,4 Green Parkway,Dallas,TX,75241
229,Petra,Cheson,pcheson6c@cdc.gov,693 Grasskamp Way,Alexandria,VA,22309
230,Benedetto,Boice,bboice6d@edublogs.org,9537 Ridgeview Court,New York City,NY,10275
231,Derward,De Simone,ddesimone6e@google.com,99703 Fairfield Point,Port Washington,NY,11054
232,Kalil,Bedow,kbedow6f@samsung.com,03 Mcguire Pass,San Antonio,TX,78250
233,Tanner,Grishukov,tgrishukov6g@example.com,111 South Lane,Simi Valley,CA,93094
234,Elston,Jacobbe,ejacobbe6h@shutterfly.com,5211 Havey Lane,Mobile,AL,36622
235,Gray,Rentoll,grentoll6i@ted.com,6 Utah Trail,Philadelphia,PA,19093
236,Thoma,Burchall,tburchall6j@bloomberg.com,92921 Darwin Place,New York City,NY,10099
237,Merwyn,Macilhench,mmacilhench6k@biblegateway.com,5 Fulton Street,Abilene,TX,79605
238,Deedee,Bottjer,dbottjer6l@nationalgeographic.com,884 Gerald Pass,Bloomington,IN,47405
239,Olia,Asplen,oasplen6m@wikispaces.com,60673 Susan Way,Largo,FL,33777
240,Katleen,Georghiou,kgeorghiou6n@nytimes.com,58 Hoard Junction,Sioux Falls,SD,57105
241,Jody,Flisher,jflisher6o@meetup.com,850 Oak Valley Place,Boston,MA,02163
242,Alfons,Clemitt,aclemitt6p@vkontakte.ru,248 Porter Pass,San Jose,CA,95150
243,Gay,Epps,gepps6q@webs.com,59 Butternut Parkway,Inglewood,CA,90398
244,Bobbie,Harrap,bharrap6r@columbia.edu,2956 Service Lane,Wilmington,DE,19810
245,Ashley,Wintour,awintour6s@discuz.net,09525 Prairie Rose Junction,Littleton,CO,80161
246,Mathew,Bosher,mbosher6t@yahoo.co.jp,0978 Butterfield Pass,Bridgeport,CT,06673
247,Pedro,Millichip,pmillichip6u@forbes.com,56772 Sachs Hill,Phoenix,AZ,85040
248,Winfred,Mungan,wmungan6v@intel.com,38 Schmedeman Park,Tulsa,OK,74156
249,Fabien,Antonias,fantonias6w@youku.com,4606 Iowa Road,Edmond,OK,73034
250,Ode,Jacomb,ojacomb6x@cargocollective.com,3 Lyons Way,Richmond,VA,23225
251,Fielding,Cheney,fcheney6y@usnews.com,08 Basil Court,Stamford,CT,06912
252,Janessa,Donnel,jdonnel6z@t-online.de,019 Eastwood Parkway,Cumming,GA,30130
253,Gretal,Albert,galbert70@businesswire.com,05 Michigan Way,Springfield,MA,01105
254,Lurlene,Norwood,lnorwood71@timesonline.co.uk,0647 Aberg Court,Columbia,SC,29215
255,Berke,Silbersak,bsilbersak72@netlog.com,5818 South Lane,Wichita Falls,TX,76310
256,Roth,Learned,rlearned73@epa.gov,8992 Clarendon Street,Richmond,VA,23225
257,Dell,Bufton,dbufton74@istockphoto.com,4 Vidon Circle,Charleston,WV,25321
258,Jarret,Broomfield,jbroomfield75@xing.com,9 American Crossing,Springfield,OH,45505
259,Milli,Joris,mjoris76@elpais.com,2912 Cody Road,San Francisco,CA,94110
260,Karole,Sallarie,ksallarie77@desdev.cn,9 Superior Street,Pasadena,CA,91186
261,Rae,Dewing,rdewing78@ibm.com,52891 Oakridge Terrace,San Antonio,TX,78255
262,Domenico,Caddens,dcaddens79@aol.com,8 Nova Center,Dayton,OH,45432
263,Toddy,Hows,thows7a@forbes.com,96 Laurel Hill,Tuscaloosa,AL,35487
264,Kingsley,Shackleton,kshackleton7b@cloudflare.com,38 Graedel Place,Pueblo,CO,81005
265,Antonius,Duxbury,aduxbury7c@youtube.com,4 Kipling Way,Orlando,FL,32868
266,Tracy,Plume,tplume7d@stanford.edu,26 Shelley Place,Syracuse,NY,13217
267,Christos,Bovaird,cbovaird7e@sitemeter.com,7609 Mcbride Hill,Kent,WA,98042
268,Phaidra,Benford,pbenford7f@paypal.com,20 Gulseth Junction,Boston,MA,02298
269,Kati,Lowings,klowings7g@newsvine.com,1 Heath Avenue,Lafayette,LA,70593
270,Vikky,Lawry,vlawry7h@squidoo.com,596 Vidon Road,Young America,MN,55573
271,Tawnya,Picford,tpicford7i@linkedin.com,11712 Raven Crossing,Lubbock,TX,79410
272,Shaine,Wardroper,swardroper7j@ameblo.jp,681 Sage Road,Cincinnati,OH,45228
273,Marrilee,Heister,mheister7k@nytimes.com,2406 Monument Circle,New York City,NY,10034
274,Patton,Crompton,pcrompton7l@constantcontact.com,14 Bellgrove Terrace,Carol Stream,IL,60351
275,Daveen,Shildrick,dshildrick7m@g.co,8 Corscot Avenue,Richmond,VA,23285
276,Lynna,Reston,lreston7n@sina.com.cn,45322 Blaine Street,Philadelphia,PA,19141
277,Kristi,Bursnell,kbursnell7o@nps.gov,740 Briar Crest Circle,Iowa City,IA,52245
278,Stefania,Offa,soffa7p@wikipedia.org,68439 Hayes Road,Mesa,AZ,85205
279,Wiatt,Habbijam,whabbijam7q@oracle.com,3 Bluestem Way,Shreveport,LA,71166
280,Averell,Bowhey,abowhey7r@unblog.fr,2446 Sommers Lane,Bronx,NY,10464
281,Carlina,Bleyman,cbleyman7s@utexas.edu,2868 Sauthoff Plaza,Riverside,CA,92505
282,Valli,Atcherley,vatcherley7t@comsenz.com,95571 Monterey Place,Indianapolis,IN,46221
283,Alaine,Chaffin,achaffin7u@imdb.com,884 Victoria Hill,New York City,NY,10004
284,Katheryn,Strelitzki,kstrelitzki7v@fema.gov,9 Stang Center,Chicago,IL,60681
285,Madison,Cable,mcable7w@pen.io,92 Declaration Park,Tulsa,OK,74126
286,Catharine,Rookwell,crookwell7x@dailymail.co.uk,18 Welch Pass,Reno,NV,89519
287,Georgianna,Pesak,gpesak7y@storify.com,42 Ridgeview Street,Boston,MA,02114
288,Leland,Sallenger,lsallenger7z@omniture.com,9 Basil Place,Phoenix,AZ,85053
289,Benedetto,Magenny,bmagenny80@cdbaby.com,1 Crest Line Terrace,Fort Lauderdale,FL,33320
290,Lin,Rudwell,lrudwell81@google.fr,9 Myrtle Road,Washington,DC,20525
291,Clarine,Hallows,challows82@imdb.com,897 Victoria Street,Phoenix,AZ,85077
292,Ethelind,Curlis,ecurlis83@umn.edu,57228 Kensington Pass,Sacramento,CA,95852
293,Carmela,Heaphy,cheaphy84@ameblo.jp,72378 Crowley Park,Hagerstown,MD,21747
294,Lon,Lettsom,llettsom85@cdc.gov,8 Mitchell Crossing,Montgomery,AL,36195
295,Freddi,McFadzean,fmcfadzean86@zimbio.com,805 North Trail,Roanoke,VA,24024
296,Haslett,McLanaghan,hmclanaghan87@virginia.edu,07787 New Castle Plaza,Dallas,TX,75210
297,Toby,De Cleen,tdecleen88@xinhuanet.com,0 Glacier Hill Park,Milwaukee,WI,53205
298,Georgeanne,MacRonald,gmacronald89@uiuc.edu,539 Chinook Road,Huntsville,AL,35895
299,Bealle,Grigor,bgrigor8a@comcast.net,957 Village Trail,Colorado Springs,CO,80930
300,Berta,Morbey,bmorbey8b@xrea.com,54 Graceland Plaza,Bronx,NY,10454
301,Mellie,Keasy,mkeasy8c@sciencedirect.com,4 Fallview Road,Richmond,VA,23213
302,Ichabod,Tippin,itippin8d@tmall.com,46064 Manitowish Crossing,Austin,TX,78726
303,Trace,Elletson,telletson8e@4shared.com,158 School Court,San Antonio,TX,78296
304,Starlin,O'Sesnane,sosesnane8f@godaddy.com,74793 Sugar Trail,San Bernardino,CA,92410
305,Reuven,Jahns,rjahns8g@redcross.org,77767 Hansons Alley,Omaha,NE,68124
306,Betti,Desquesnes,bdesquesnes8h@blog.com,39 Troy Junction,Oxnard,CA,93034
307,Alla,de Mullett,ademullett8i@amazon.de,9 Victoria Drive,Portsmouth,NH,00214
308,Blake,Harron,bharron8j@eventbrite.com,78654 David Court,North Little Rock,AR,72199
309,Maxy,Works,mworks8k@alexa.com,067 Barnett Junction,Columbus,OH,43284
310,Mayne,Ruffler,mruffler8l@rediff.com,18423 Leroy Pass,San Diego,CA,92132
311,Erinna,Kellard,ekellard8m@google.de,60 3rd Park,Springfield,MO,65898
312,Moira,Gray,mgray8n@jimdo.com,785 Coolidge Street,Grand Rapids,MI,49510
313,Lizabeth,De Paepe,ldepaepe8o@webnode.com,55 Bartelt Lane,Alexandria,VA,22309
314,Stacey,Mollnar,smollnar8p@loc.gov,430 Texas Junction,Sacramento,CA,94245
315,Blake,Londors,blondors8q@ucsd.edu,7198 Arapahoe Way,Austin,TX,78764
316,Julia,Braven,jbraven8r@independent.co.uk,373 Tomscot Circle,Columbus,OH,43220
317,Caesar,Cometson,ccometson8s@dyndns.org,55 Hoffman Center,Boston,MA,02104
318,Hatty,Eul,heul8t@ycombinator.com,1 Kropf Plaza,Austin,TX,78769
319,Talbot,Andersson,tandersson8u@fotki.com,7079 Iowa Terrace,Washington,DC,20078
320,Clotilda,Hopkynson,chopkynson8v@freewebs.com,6 Spohn Place,Fort Worth,TX,76110
321,Heida,Alsobrook,halsobrook8w@sbwire.com,790 Hazelcrest Alley,Louisville,KY,40280
322,Moore,Miroy,mmiroy8x@bandcamp.com,7 Annamark Plaza,New York City,NY,10029
323,Effie,Bortoli,ebortoli8y@ftc.gov,9251 Myrtle Road,Gary,IN,46406
324,Adelind,Twinn,atwinn8z@shutterfly.com,79524 Commercial Center,Charlotte,NC,28289
325,Dacey,Micheu,dmicheu90@google.fr,45179 Pond Plaza,Brooklyn,NY,11225
326,Dorolisa,Stollenhof,dstollenhof91@techcrunch.com,5 3rd Way,Des Moines,IA,50347
327,Silvanus,Crocket,scrocket92@yahoo.co.jp,8707 Di Loreto Parkway,Bellevue,WA,98008
328,Keefer,Tressler,ktressler93@chron.com,20 Summer Ridge Lane,Macon,GA,31296
329,Yves,Chyuerton,ychyuerton94@google.it,1853 Old Shore Drive,Garland,TX,75044
330,Ardyth,Tarbox,atarbox95@spotify.com,575 Summer Ridge Drive,Lincoln,NE,68505
331,Elvina,Haizelden,ehaizelden96@nsw.gov.au,34 Nova Park,Hialeah,FL,33018
332,Wittie,Benez,wbenez97@nhs.uk,05654 Riverside Junction,Apache Junction,AZ,85219
333,Virginia,Di Franceschi,vdifranceschi98@spotify.com,18959 Veith Road,Raleigh,NC,27626
334,Powell,Reide,preide99@wordpress.com,7156 Debra Center,Pasadena,CA,91186
335,Sherye,Westnage,swestnage9a@ow.ly,2861 Dunning Way,Washington,DC,20010
336,Jacquelin,Purver,jpurver9b@spotify.com,9 Mayer Court,Des Moines,IA,50981
337,Manfred,Strelitzer,mstrelitzer9c@etsy.com,544 Golf View Parkway,Bismarck,ND,58505
338,Lorianne,Rosewell,lrosewell9d@virginia.edu,20 Sommers Street,Abilene,TX,79605
339,Nicole,Klimentyev,nklimentyev9e@ucoz.ru,489 Ridgeview Plaza,El Paso,TX,88553
340,Roz,Magauran,rmagauran9f@yale.edu,53 Dapin Trail,Nashville,TN,37205
341,Kiele,Simenon,ksimenon9g@mlb.com,036 Mariners Cove Lane,Sacramento,CA,95813
342,Myranda,Reddings,mreddings9h@slashdot.org,3227 Jenifer Way,Toledo,OH,43615
343,Daven,O'Dougherty,dodougherty9i@4shared.com,8599 Kim Crossing,Austin,TX,78726
344,Jilly,Klosser,jklosser9j@google.com,7 Harbort Lane,Fort Worth,TX,76178
345,Junie,Polkinhorn,jpolkinhorn9k@huffingtonpost.com,980 Eagan Crossing,Pasadena,CA,91109
346,Barnaby,Raggitt,braggitt9l@bandcamp.com,8 Kennedy Avenue,Baltimore,MD,21211
347,Leonie,Lage,llage9m@guardian.co.uk,47 Roth Avenue,Greenville,SC,29610
348,Barby,Rottcher,brottcher9n@ucla.edu,11 Loomis Lane,Philadelphia,PA,19120
349,Skell,Cawthry,scawthry9o@tripadvisor.com,913 Talmadge Road,Grand Rapids,MI,49510
350,Clarence,Bolles,cbolles9p@alibaba.com,3 Namekagon Circle,Charleston,WV,25305
351,Desmund,Sermin,dsermin9q@uol.com.br,41 Randy Street,Escondido,CA,92030
352,Vincent,Lewtey,vlewtey9r@webeden.co.uk,8 Daystar Court,Louisville,KY,40250
353,Mirelle,Maskill,mmaskill9s@bloomberg.com,01 Raven Lane,Little Rock,AR,72231
354,Carmel,McAlester,cmcalester9t@narod.ru,45 Petterle Avenue,Denver,CO,80228
355,Roda,Hurne,rhurne9u@prnewswire.com,4 Cottonwood Circle,Saginaw,MI,48604
356,Mathe,Gonthard,mgonthard9v@surveymonkey.com,3262 Vera Parkway,Bakersfield,CA,93381
357,Arne,Elwyn,aelwyn9w@earthlink.net,74143 Novick Pass,Washington,DC,20599
358,Shelbi,Petrik,spetrik9x@youtube.com,3238 Susan Drive,Saint Louis,MO,63116
359,Pearle,Tappington,ptappington9y@stumbleupon.com,7 Loomis Drive,Memphis,TN,38181
360,Daren,Whitwam,dwhitwam9z@tumblr.com,2 Emmet Crossing,Dallas,TX,75397
361,Robinett,Grotty,rgrottya0@studiopress.com,91490 Charing Cross Hill,Brooklyn,NY,11247
362,Kristopher,Cassius,kcassiusa1@prweb.com,20 Meadow Vale Lane,Maple Plain,MN,55572
363,Kristan,Kaser,kkasera2@imgur.com,08 Lindbergh Plaza,Fort Lauderdale,FL,33320
364,Jerry,Rastall,jrastalla3@networksolutions.com,65930 Dennis Terrace,Denver,CO,80204
365,Luelle,Pogue,lpoguea4@livejournal.com,3 Eastwood Place,Fort Lauderdale,FL,33345
366,Ailis,MacDaid,amacdaida5@dropbox.com,52337 Drewry Court,Columbus,MS,39705
367,Ede,Camillo,ecamilloa6@loc.gov,365 Burning Wood Trail,Tucson,AZ,85720
368,Domeniga,Olanda,dolandaa7@weibo.com,9340 Maryland Hill,Knoxville,TN,37931
369,Caren,Calvey,ccalveya8@woothemes.com,40696 Northview Circle,Atlanta,GA,31136
370,Kari,Garrit,kgarrita9@stanford.edu,17519 Sauthoff Park,Sandy,UT,84093
371,Kyle,Baress,kbaressaa@list-manage.com,5 Sheridan Drive,Sarasota,FL,34233
372,Elayne,Cammocke,ecammockeab@ow.ly,439 Eastwood Street,Toledo,OH,43635
373,Floria,Letch,fletchac@ca.gov,05134 Manufacturers Plaza,Saint Louis,MO,63143
374,Audie,Sentance,asentancead@house.gov,17 Express Center,Dallas,TX,75379
375,Berrie,Keuntje,bkeuntjeae@quantcast.com,32 Nova Junction,Shawnee Mission,KS,66215
376,Tedra,Klesl,tkleslaf@tiny.cc,350 Blackbird Center,Lancaster,PA,17622
377,Alysa,Martensen,amartensenag@slashdot.org,67559 Monument Hill,Miami,FL,33142
378,Tana,Culbert,tculbertah@csmonitor.com,93829 Forest Pass,Lafayette,IN,47905
379,Sherwynd,Gotfrey,sgotfreyai@webs.com,0 Manley Pass,Loretto,MN,55598
380,Berton,Suero,bsueroaj@cbc.ca,062 Badeau Alley,Los Angeles,CA,90071
381,Mervin,Ashe,masheak@fastcompany.com,049 Grasskamp Park,Fargo,ND,58106
382,Bertrand,Rushmere,brushmereal@booking.com,0796 Scofield Point,Albuquerque,NM,87190
383,Erda,Kensit,ekensitam@umich.edu,20 Main Center,Erie,PA,16565
384,Lazar,Pepin,lpepinan@sitemeter.com,34418 Pennsylvania Point,Shreveport,LA,71151
385,Selle,Castilljo,scastilljoao@geocities.com,05562 Melby Junction,Jeffersonville,IN,47134
386,Tim,Dunseith,tdunseithap@shop-pro.jp,116 Orin Terrace,Fullerton,CA,92640
387,Matthieu,Iacovino,miacovinoaq@techcrunch.com,83644 Ronald Regan Parkway,Washington,DC,20046
388,Gilberta,Reinert,greinertar@google.cn,84136 Di Loreto Court,Gilbert,AZ,85297
389,Darbee,Shepcutt,dshepcuttas@cbslocal.com,4922 Hintze Avenue,Racine,WI,53405
390,Jobi,Fanstone,jfanstoneat@goodreads.com,64353 Brentwood Lane,Portland,OR,97206
391,Caroljean,Fulmen,cfulmenau@hhs.gov,4 Farmco Parkway,Lawrenceville,GA,30045
392,Huntley,Povele,hpoveleav@google.com,8 Cambridge Park,Greensboro,NC,27409
393,Jessi,Pilgrim,jpilgrimaw@huffingtonpost.com,86990 Hansons Avenue,Richmond,VA,23293
394,Montgomery,Naire,mnaireax@ow.ly,33386 Hovde Trail,Hagerstown,MD,21747
395,Danyelle,Westrope,dwestropeay@hp.com,8 Pankratz Center,New Orleans,LA,70129
396,Ivett,Seggie,iseggieaz@liveinternet.ru,7 Milwaukee Lane,Charlotte,NC,28235
397,Cecily,Gobel,cgobelb0@zimbio.com,56 Farmco Road,Cleveland,OH,44111
398,Sadye,Tieraney,stieraneyb1@apple.com,6820 Fordem Plaza,Indianapolis,IN,46239
399,Jenelle,Borrell,jborrellb2@google.ru,25097 Dexter Terrace,Dallas,TX,75241
400,Ignacius,Harrinson,iharrinsonb3@state.tx.us,331 Dryden Center,Lafayette,IN,47905
401,Brook,Senechell,bsenechellb4@facebook.com,2 Bunting Parkway,Kansas City,MO,64190
402,Velma,Tighe,vtigheb5@deliciousdays.com,3 Sommers Road,Pueblo,CO,81015
403,Alphard,Hare,ahareb6@diigo.com,9891 Redwing Alley,San Antonio,TX,78220
404,Candida,Athridge,cathridgeb7@over-blog.com,1632 Little Fleur Point,Raleigh,NC,27690
405,Lolita,Gouth,lgouthb8@bbb.org,44 Upham Park,Fort Lauderdale,FL,33345
406,Chrisy,Kullmann,ckullmannb9@wiley.com,52 Bunker Hill Junction,Gaithersburg,MD,20883
407,Blinny,Whorlton,bwhorltonba@mapy.cz,01 Bultman Point,Melbourne,FL,32941
408,Beatrisa,Lazar,blazarbb@elpais.com,05 Del Sol Crossing,San Francisco,CA,94177
409,Minnaminnie,Grimshaw,mgrimshawbc@wikimedia.org,7234 Glendale Trail,Mobile,AL,36610
410,Lorenzo,Robbeke,lrobbekebd@cbsnews.com,3940 Crest Line Point,West Hartford,CT,06127
411,Tonnie,Nuton,tnutonbe@pen.io,72371 Old Shore Way,Washington,DC,20557
412,Carolina,Veronique,cveroniquebf@nationalgeographic.com,8 Kennedy Circle,Minneapolis,MN,55470
413,Prince,Pidgeley,ppidgeleybg@ca.gov,1817 Claremont Junction,Camden,NJ,08104
414,Jerrylee,Prince,jprincebh@vistaprint.com,93 Mcbride Hill,Wilmington,DE,19886
415,Charley,Curtin,ccurtinbi@telegraph.co.uk,38268 American Point,Kansas City,MO,64187
416,Shea,Foat,sfoatbj@timesonline.co.uk,2904 Westend Street,Peoria,IL,61629
417,Derk,Bawden,dbawdenbk@salon.com,4 Melvin Road,Fort Lauderdale,FL,33355
418,Cristian,Franc,cfrancbl@nyu.edu,90 Sunnyside Road,Panama City,FL,32412
419,Scottie,Gyles,sgylesbm@freewebs.com,13835 Annamark Way,Long Beach,CA,90810
420,Julietta,Voller,jvollerbn@xing.com,52091 Hoffman Point,Portland,OR,97221
421,Sophie,Flecknoe,sflecknoebo@facebook.com,2610 Jay Pass,Sacramento,CA,95818
422,Glynis,Witsey,gwitseybp@nifty.com,9 Londonderry Junction,Huntington,WV,25711
423,Alistair,Raper,araperbq@admin.ch,88 Village Center,Dayton,OH,45440
424,Kimberly,Miranda,kmirandabr@sakura.ne.jp,9 Talisman Road,Huntsville,AL,35810
425,Hughie,Hellyar,hhellyarbs@com.com,751 Clove Pass,Young America,MN,55557
426,Fanchon,Gavaghan,fgavaghanbt@google.nl,01 Steensland Avenue,Allentown,PA,18105
427,Beret,Halton,bhaltonbu@icio.us,77653 5th Hill,New York City,NY,10045
428,Mattie,McCoish,mmccoishbv@nymag.com,265 Dahle Plaza,Sacramento,CA,94263
429,Brander,Hurl,bhurlbw@tinyurl.com,66 Corben Street,Honolulu,HI,96835
430,Worthy,Skule,wskulebx@nbcnews.com,919 Portage Avenue,Greeley,CO,80638
431,Shauna,Drane,sdraneby@house.gov,69039 Mcbride Court,Boca Raton,FL,33487
432,Brodie,McFarlan,bmcfarlanbz@goodreads.com,03 Stoughton Junction,Atlanta,GA,30358
433,Alida,McKernon,amckernonc0@illinois.edu,9153 Village Green Way,Fresno,CA,93778
434,Osborn,Rapkins,orapkinsc1@digg.com,716 Drewry Pass,Winter Haven,FL,33884
435,Moss,Worner,mwornerc2@craigslist.org,75299 Elgar Center,Atlanta,GA,31165
436,Liv,Lishman,llishmanc3@mtv.com,1 Haas Hill,Mesa,AZ,85210
437,Valaria,Adney,vadneyc4@mit.edu,08 New Castle Crossing,Toledo,OH,43610
438,Gerek,Illidge,gillidgec5@slashdot.org,26218 Raven Center,Santa Ana,CA,92705
439,Sonnie,Ruperti,srupertic6@miibeian.gov.cn,2165 Lakewood Road,New York City,NY,10203
440,Rex,Bathowe,rbathowec7@zimbio.com,2663 La Follette Terrace,Trenton,NJ,08638
441,Constanta,Assad,cassadc8@washingtonpost.com,9 Hoard Lane,Topeka,KS,66606
442,Sayers,Jevon,sjevonc9@rediff.com,0501 Cardinal Terrace,Erie,PA,16522
443,Vonni,Wildbore,vwildboreca@artisteer.com,2 Spenser Junction,San Luis Obispo,CA,93407
444,Peyton,Lammie,plammiecb@reverbnation.com,10361 Lillian Parkway,Bradenton,FL,34282
445,Kristopher,Andrich,kandrichcc@w3.org,2 Melvin Street,Gainesville,FL,32627
446,Judith,Wheelan,jwheelancd@ow.ly,868 Basil Street,Dallas,TX,75277
447,La verne,Iacopo,liacopoce@soup.io,13940 Debra Center,Albuquerque,NM,87180
448,Hadleigh,Duckers,hduckerscf@bbc.co.uk,06045 Roxbury Pass,Grand Rapids,MI,49518
449,Sibeal,Hofton,shoftoncg@mapquest.com,5 Johnson Terrace,Modesto,CA,95397
450,Hildagard,Towlson,htowlsonch@jalbum.net,8 Heffernan Junction,Merrifield,VA,22119
451,Janene,Ponde,jpondeci@comcast.net,367 Debra Pass,Richmond,CA,94807
452,Theodosia,Pendle,tpendlecj@wunderground.com,659 8th Lane,Las Vegas,NV,89166
453,Filip,Chopin,fchopinck@liveinternet.ru,49 Arapahoe Park,San Francisco,CA,94105
454,Lurlene,Fishburn,lfishburncl@twitter.com,591 Maywood Lane,Columbus,GA,31998
455,Deck,Szwarc,dszwarccm@mediafire.com,47430 Graceland Place,El Paso,TX,88579
456,Sandy,Ginger,sgingercn@unblog.fr,2 Fulton Avenue,Springfield,IL,62705
457,Brook,Fenimore,bfenimoreco@mashable.com,513 3rd Junction,Portland,ME,04109
458,Sheffy,O'Kelly,sokellycp@adobe.com,35554 Fallview Plaza,Montgomery,AL,36134
459,Frazier,Gabler,fgablercq@wired.com,578 Acker Lane,Los Angeles,CA,90045
460,Sisely,Astupenas,sastupenascr@bloglines.com,09 Fuller Park,Seattle,WA,98158
461,Pen,Heaviside,pheavisidecs@free.fr,70468 Bunting Pass,Louisville,KY,40233
462,Had,Norway,hnorwayct@photobucket.com,84 Anthes Crossing,Baton Rouge,LA,70883
463,Brietta,MacTurlough,bmacturloughcu@desdev.cn,6633 Stoughton Alley,New York City,NY,10292
464,Laurene,Baton,lbatoncv@cpanel.net,8092 Bunker Hill Court,Chicago,IL,60624
465,Orelle,Rupke,orupkecw@washingtonpost.com,77251 Prairie Rose Pass,Aurora,CO,80015
466,Sarene,Clace,sclacecx@i2i.jp,92289 Ridge Oak Terrace,Kansas City,MO,64190
467,Bradney,Agron,bagroncy@wikispaces.com,28908 Northview Point,Saint Louis,MO,63110
468,Bourke,Blackmore,bblackmorecz@china.com.cn,4673 Orin Way,Peoria,IL,61614
469,Flossi,Slyvester,fslyvesterd0@furl.net,9 Melby Drive,Brea,CA,92822
470,Shanon,McEntegart,smcentegartd1@kickstarter.com,75 Carioca Trail,Mobile,AL,36689
471,Alfi,Argente,aargented2@cocolog-nifty.com,1 Kingsford Pass,Wichita,KS,67236
472,Nils,Iacobassi,niacobassid3@cnet.com,68 Lakeland Place,Woburn,MA,01813
473,Merrily,Rouf,mroufd4@tinypic.com,531 Washington Street,Durham,NC,27705
474,Eudora,Duddle,eduddled5@slate.com,74 Del Sol Circle,Cincinnati,OH,45296
475,Giorgia,Rentz,grentzd6@abc.net.au,846 Cody Drive,Littleton,CO,80127
476,Eleen,Robbings,erobbingsd7@diigo.com,7 Roxbury Alley,Clearwater,FL,33763
477,Bernadina,Kenderdine,bkenderdined8@google.nl,5 Golf Park,Gainesville,FL,32605
478,Kizzee,Mallabar,kmallabard9@furl.net,45826 Dixon Road,Des Moines,IA,50347
479,Abey,Rainon,arainonda@businessweek.com,34056 Anzinger Crossing,Tyler,TX,75799
480,Emelda,Aery,eaerydb@dell.com,061 Derek Drive,Raleigh,NC,27635
481,Hastie,Harriman,hharrimandc@theguardian.com,78108 Pearson Circle,Salt Lake City,UT,84130
482,Barbette,Valentinetti,bvalentinettidd@twitpic.com,6 Forest Run Alley,Los Angeles,CA,90094
483,Nissy,Minkin,nminkinde@tiny.cc,1 Dixon Junction,Washington,DC,20540
484,Tracey,Beamiss,tbeamissdf@ning.com,9891 Fieldstone Parkway,Birmingham,AL,35295
485,Tarra,Chopin,tchopindg@prweb.com,8 Fulton Park,Dallas,TX,75379
486,Hale,Hawkett,hhawkettdh@phoca.cz,7555 Manley Trail,Winter Haven,FL,33884
487,Rawley,Beardon,rbeardondi@harvard.edu,8 Schlimgen Way,Roanoke,VA,24020
488,Zola,Colston,zcolstondj@jugem.jp,15 Welch Plaza,Miami,FL,33158
489,Katherine,Collet,kcolletdk@upenn.edu,8136 Hoard Terrace,Salt Lake City,UT,84199
490,Benedikta,Wheldon,bwheldondl@umn.edu,88753 Declaration Center,San Diego,CA,92110
491,Melamie,Opy,mopydm@microsoft.com,58761 Katie Point,Denver,CO,80270
492,Maynord,MacMillan,mmacmillandn@google.ru,90393 Green Street,Lincoln,NE,68505
493,Claudianus,Crowley,ccrowleydo@rakuten.co.jp,6154 Mcguire Lane,Reno,NV,89595
494,Philomena,Iveson,pivesondp@exblog.jp,3 Leroy Parkway,Philadelphia,PA,19093
495,Evangelina,Giblin,egiblindq@craigslist.org,97861 Glacier Hill Junction,Birmingham,AL,35236
496,Phillis,Ochterlonie,pochterloniedr@earthlink.net,55 Upham Road,Mobile,AL,36610
497,Dianne,Mounter,dmounterds@homestead.com,43 Brentwood Drive,Seattle,WA,98115
498,Hetti,Portigall,hportigalldt@springer.com,5 Ridgeview Road,Portland,OR,97229
499,Elbertina,Rupp,eruppdu@buzzfeed.com,0544 Waxwing Terrace,San Diego,CA,92186
500,Carole,Lunney,clunneydv@salon.com,9 Debra Road,Lynchburg,VA,24515
501,Karlik,Rycraft,krycraftdw@linkedin.com,1 Oakridge Place,Washington,DC,20414
502,Marcus,Greenleaf,mgreenleafdx@go.com,2079 Mallory Park,Houston,TX,77245
503,Duff,Quilty,dquiltydy@tiny.cc,8 Evergreen Avenue,Gulfport,MS,39505
504,Iormina,Doy,idoydz@ow.ly,3672 New Castle Junction,Worcester,MA,01654
505,Georgina,Durston,gdurstone0@sitemeter.com,97 Golf Junction,Eugene,OR,97405
506,Brendis,Crush,bcrushe1@nature.com,85 Arkansas Point,Waterbury,CT,06721
507,Sutherlan,Elgar,selgare2@ovh.net,49 Garrison Circle,Independence,MO,64054
508,Oriana,Attwell,oattwelle3@yellowbook.com,4105 Ridge Oak Plaza,Garden Grove,CA,92844
509,Matilda,Behn,mbehne4@admin.ch,2 Westerfield Junction,Newark,DE,19725
510,Gabriele,Bondesen,gbondesene5@slashdot.org,8868 School Terrace,Minneapolis,MN,55423
511,Betti,Tschirschky,btschirschkye6@gizmodo.com,67 Duke Hill,Simi Valley,CA,93094
512,Arabela,Calbert,acalberte7@apache.org,01859 Mockingbird Hill,Hattiesburg,MS,39404
513,Jilli,Serfati,jserfatie8@theguardian.com,81839 Ramsey Hill,Washington,DC,20430
514,Appolonia,Robet,arobete9@github.io,54 Mesta Point,Greensboro,NC,27404
515,Bertie,Rubinsztein,brubinszteinea@dell.com,676 Crescent Oaks Street,Washington,DC,20310
516,Basile,Halpeine,bhalpeineeb@constantcontact.com,637 Carioca Junction,Los Angeles,CA,90035
517,Eleonora,Eton,eetonec@biglobe.ne.jp,40407 Springview Point,Greensboro,NC,27409
518,Morgana,Newrick,mnewricked@bloomberg.com,136 Stone Corner Pass,Bethlehem,PA,18018
519,Sascha,Hawksley,shawksleyee@instagram.com,6221 American Ash Terrace,Springfield,MA,01152
520,Julieta,Sherrin,jsherrinef@feedburner.com,1072 Lawn Court,Santa Barbara,CA,93106
521,Carolan,Oman,comaneg@howstuffworks.com,0444 Tennyson Place,Washington,DC,20220
522,Geneva,Abbiss,gabbisseh@fastcompany.com,0 Forster Center,Fresno,CA,93778
523,Mikael,Silcock,msilcockei@google.co.jp,253 Cascade Way,New Haven,CT,06520
524,Darby,Eddie,deddieej@patch.com,8 Sachs Plaza,Denver,CO,80217
525,Ignace,McIlwrick,imcilwrickek@bing.com,2 Cordelia Place,Miami,FL,33233
526,Libbie,Pote,lpoteel@squidoo.com,07 Oneill Street,Fort Wayne,IN,46896
527,Bartel,Elsmor,belsmorem@msn.com,06 Hooker Avenue,Huntsville,AL,35895
528,Leigh,Boriston,lboristonen@so-net.ne.jp,7 Morrow Lane,Duluth,MN,55805
529,Crosby,Rolston,crolstoneo@360.cn,7 Elka Pass,Birmingham,AL,35244
530,Wash,Breton,wbretonep@networkadvertising.org,1730 Comanche Circle,Austin,TX,78721
531,Lawton,Harrhy,lharrhyeq@irs.gov,8361 Sundown Drive,Lubbock,TX,79452
532,Suzann,Byrd,sbyrder@google.it,74 Trailsway Park,Tucson,AZ,85710
533,Morris,Castle,mcastlees@tamu.edu,49117 Alpine Avenue,Topeka,KS,66667
534,Dory,Takle,dtakleet@prnewswire.com,854 Monument Junction,Birmingham,AL,35244
535,Paulie,Roizin,proizineu@thetimes.co.uk,49734 Derek Hill,San Jose,CA,95133
536,Mitchel,Rentilll,mrentilllev@joomla.org,87589 Vahlen Court,Boulder,CO,80328
537,Timmie,Lashmore,tlashmoreew@a8.net,08 Spenser Road,Miami Beach,FL,33141
538,Cissiee,Soitoux,csoitouxex@com.com,0 Novick Terrace,Miami,FL,33142
539,Law,Pendrich,lpendrichey@cmu.edu,8965 Ruskin Way,Richmond,VA,23220
540,Laurella,Hyman,lhymanez@wordpress.com,0 Starling Drive,Providence,RI,02912
541,Baxie,Wakelin,bwakelinf0@eventbrite.com,35684 Mallard Way,Athens,GA,30605
542,Phillis,Selkirk,pselkirkf1@buzzfeed.com,5 Bashford Circle,Dallas,TX,75353
543,Emmery,Balm,ebalmf2@ameblo.jp,595 Vermont Terrace,San Antonio,TX,78225
544,Mavis,Wardhaugh,mwardhaughf3@slate.com,42653 Carpenter Junction,Longview,TX,75605
545,Fae,Leet,fleetf4@drupal.org,702 Rockefeller Junction,New York City,NY,10175
546,Liana,Betser,lbetserf5@pbs.org,50516 Fremont Court,Wichita Falls,TX,76310
547,Ula,Heintze,uheintzef6@ed.gov,7337 Mcguire Avenue,Jackson,MS,39210
548,Gui,Satyford,gsatyfordf7@buzzfeed.com,823 Ohio Pass,Lehigh Acres,FL,33972
549,Delmor,Brigham,dbrighamf8@nih.gov,13927 Carioca Trail,Irvine,CA,92619
550,Liliane,Pedrollo,lpedrollof9@symantec.com,184 Homewood Pass,Birmingham,AL,35205
551,Bron,Courtois,bcourtoisfa@bluehost.com,4 Del Sol Street,Pensacola,FL,32511
552,Leontine,Nutten,lnuttenfb@pinterest.com,22 Oneill Hill,Bridgeport,CT,06606
553,Kenyon,Hamfleet,khamfleetfc@phoca.cz,46194 Sutteridge Point,Frederick,MD,21705
554,Haze,Ullock,hullockfd@facebook.com,17100 Daystar Point,Huntington,WV,25726
555,Cherlyn,Tuerena,ctuerenafe@disqus.com,500 Stephen Point,Moreno Valley,CA,92555
556,Henriette,Aleksic,haleksicff@ask.com,703 Waxwing Point,Mesquite,TX,75185
557,Jerrie,Petriello,jpetriellofg@mysql.com,459 Mendota Way,Dayton,OH,45419
558,Charla,Noseworthy,cnoseworthyfh@sakura.ne.jp,18 Eagan Point,Merrifield,VA,22119
559,Georas,Aberchirder,gaberchirderfi@whitehouse.gov,4 Texas Alley,El Paso,TX,88579
560,Humphrey,Curton,hcurtonfj@google.pl,41 Westend Center,Stockton,CA,95210
561,Kassie,Iannetti,kiannettifk@fastcompany.com,8 Independence Park,Charlotte,NC,28205
562,Carrissa,MacQuaker,cmacquakerfl@dedecms.com,08 Lyons Drive,Atlanta,GA,30358
563,Roddy,Waine,rwainefm@odnoklassniki.ru,90 Union Street,New Orleans,LA,70160
564,Austina,Ivison,aivisonfn@linkedin.com,14 Sugar Drive,Lake Charles,LA,70607
565,Myriam,Barstock,mbarstockfo@blinklist.com,3152 Blackbird Center,Toledo,OH,43666
566,Eddie,Bilsland,ebilslandfp@geocities.jp,6 Lunder Place,Hartford,CT,06160
567,Latrina,Denniss,ldennissfq@so-net.ne.jp,72228 Thompson Court,Mesa,AZ,85210
568,Morey,Mortlock,mmortlockfr@soundcloud.com,70 Redwing Street,Seattle,WA,98166
569,Piotr,Baldacchi,pbaldacchifs@geocities.com,74 Killdeer Plaza,Portland,OR,97206
570,Wendall,Rubert,wrubertft@1und1.de,87049 Vermont Hill,Springfield,MA,01105
571,Jackqueline,Meth,jmethfu@bigcartel.com,80 Mallard Terrace,Cleveland,OH,44130
572,Ann,Butters,abuttersfv@unicef.org,0823 2nd Lane,Albuquerque,NM,87180
573,Teador,Dimberline,tdimberlinefw@goo.gl,53 Prairieview Pass,Tampa,FL,33625
574,Idaline,Finneran,ifinneranfx@printfriendly.com,22056 Mifflin Circle,Detroit,MI,48232
575,Agnola,Rigmand,arigmandfy@fema.gov,44 Waubesa Crossing,Santa Ana,CA,92725
576,Hans,Bole,hbolefz@cnbc.com,1441 American Ash Alley,Dallas,TX,75260
577,Town,Patek,tpatekg0@list-manage.com,9 Arrowood Pass,Fresno,CA,93704
578,Barbee,Tym,btymg1@tamu.edu,79 Butterfield Court,Las Vegas,NV,89105
579,Eudora,Dyers,edyersg2@miibeian.gov.cn,11579 South Road,Greensboro,NC,27404
580,Lauritz,Teresse,lteresseg3@over-blog.com,16 Corscot Crossing,Long Beach,CA,90805
581,Stanley,Ygo,sygog4@pbs.org,88 Schiller Crossing,Metairie,LA,70033
582,Bank,Gallico,bgallicog5@myspace.com,76768 Petterle Road,Anaheim,CA,92805
583,Cletis,Wildsmith,cwildsmithg6@irs.gov,76332 Brickson Park Crossing,Phoenix,AZ,85072
584,Osborn,Shortell,oshortellg7@edublogs.org,207 Victoria Plaza,Englewood,CO,80150
585,Kary,Beardshaw,kbeardshawg8@fda.gov,15002 Nevada Junction,Seattle,WA,98185
586,Farr,Widdowson,fwiddowsong9@uol.com.br,8 Monica Alley,Minneapolis,MN,55407
587,Anthe,Josefowicz,ajosefowiczga@paginegialle.it,51024 Dorton Lane,Oxnard,CA,93034
588,Gilberta,Skottle,gskottlegb@tamu.edu,4330 Straubel Point,Sacramento,CA,95852
589,Blaine,Saxelby,bsaxelbygc@networksolutions.com,21758 Emmet Park,Houston,TX,77035
590,Marty,Naisby,mnaisbygd@patch.com,31836 Veith Road,Mobile,AL,36616
591,Yardley,Josephi,yjosephige@istockphoto.com,71 Burrows Road,Fort Smith,AR,72916
592,Allyce,Ackhurst,aackhurstgf@arstechnica.com,484 Cherokee Plaza,Worcester,MA,01654
593,Philbert,Linay,plinaygg@apache.org,5 Hermina Road,Pittsburgh,PA,15286
594,Alecia,Scutt,ascuttgh@people.com.cn,5345 Granby Court,Abilene,TX,79699
595,Royce,Gritskov,rgritskovgi@quantcast.com,26 Spenser Street,Washington,DC,20409
596,Thain,Birtley,tbirtleygj@zdnet.com,8255 Myrtle Avenue,Buffalo,NY,14269
597,Daryl,Scogin,dscogingk@seattletimes.com,75138 Kings Court,Montgomery,AL,36109
598,Nikaniki,Humpage,nhumpagegl@amazon.co.jp,99 Bonner Alley,Boston,MA,02124
599,Sarge,Warbey,swarbeygm@altervista.org,431 Golf Course Junction,Tulsa,OK,74141
600,Joey,Menichini,jmenichinign@mysql.com,953 Manufacturers Place,Louisville,KY,40256
601,Anton,Bartolomivis,abartolomivisgo@live.com,927 Lyons Lane,Newark,NJ,07195
602,Papageno,Geering,pgeeringgp@exblog.jp,58010 Golf View Plaza,New York City,NY,10292
603,Jenna,Plaice,jplaicegq@g.co,19366 Hanover Terrace,Baltimore,MD,21265
604,Glynis,Horrigan,ghorrigangr@smugmug.com,38 Trailsway Crossing,Los Angeles,CA,90189
605,Lexie,Heales,lhealesgs@mac.com,8 Holmberg Road,Indianapolis,IN,46216
606,Karalynn,Wyllcocks,kwyllcocksgt@webmd.com,48089 Sachtjen Pass,Birmingham,AL,35242
607,Toby,Ewen,tewengu@nature.com,85 Springs Center,New York City,NY,10175
608,Granthem,Dorot,gdorotgv@printfriendly.com,6 Mockingbird Plaza,Falls Church,VA,22047
609,Early,Deverick,edeverickgw@nytimes.com,5282 Crowley Circle,Denton,TX,76205
610,Maybelle,Newark,mnewarkgx@printfriendly.com,771 Browning Circle,Hartford,CT,06183
611,Bondon,Lampkin,blampkingy@sun.com,53 Summerview Trail,Wilmington,DE,19892
612,Baryram,Bagwell,bbagwellgz@naver.com,9 Sunfield Drive,Philadelphia,PA,19160
613,Briggs,Spoors,bspoorsh0@fda.gov,0944 Red Cloud Way,Anderson,SC,29625
614,Son,Shevlin,sshevlinh1@linkedin.com,0 Hoepker Trail,Salt Lake City,UT,84170
615,Marin,Gillison,mgillisonh2@lycos.com,6505 Farwell Junction,Colorado Springs,CO,80910
616,Gunar,Woodham,gwoodhamh3@t-online.de,9757 Porter Terrace,Spartanburg,SC,29305
617,Pietrek,Arson,parsonh4@ox.ac.uk,345 Forest Run Trail,Amarillo,TX,79176
618,Sybyl,Halladey,shalladeyh5@themeforest.net,8766 Porter Hill,Las Vegas,NV,89193
619,Deane,Stairmond,dstairmondh6@icq.com,1 Fordem Terrace,Huntsville,AL,35810
620,Isaiah,Ingham,iinghamh7@squidoo.com,95 Northridge Road,Birmingham,AL,35254
621,Suzette,Pethybridge,spethybridgeh8@webeden.co.uk,62846 Calypso Center,Baltimore,MD,21203
622,Yuri,Jarlmann,yjarlmannh9@huffingtonpost.com,0209 Surrey Court,Springfield,MO,65810
623,Burl,Stolz,bstolzha@tmall.com,16858 Bay Pass,Shawnee Mission,KS,66210
624,Coleman,Trehearn,ctrehearnhb@intel.com,89782 Carioca Park,Washington,DC,20220
625,Quintus,Bosomworth,qbosomworthhc@gizmodo.com,0 Anzinger Road,Midland,MI,48670
626,Renie,Sturgeon,rsturgeonhd@huffingtonpost.com,49 Scoville Terrace,Salt Lake City,UT,84199
627,Susette,Tapsell,stapsellhe@pbs.org,19971 Packers Park,Washington,DC,20238
628,Roman,Markel,rmarkelhf@cdc.gov,0798 Center Road,Erie,PA,16550
629,Barnard,Extence,bextencehg@bbb.org,1159 Pennsylvania Drive,San Bernardino,CA,92424
630,Salli,Steaning,ssteaninghh@sogou.com,398 Old Gate Place,New Orleans,LA,70160
631,Sonni,Tripett,stripetthi@technorati.com,724 Anderson Pass,Sioux Falls,SD,57188
632,Sidney,Delucia,sdeluciahj@pbs.org,70461 Morrow Point,Tallahassee,FL,32314
633,Berta,Siemianowicz,bsiemianowiczhk@newyorker.com,1364 Pond Junction,Columbus,OH,43204
634,Ase,Spilsbury,aspilsburyhl@ameblo.jp,34379 Northport Center,Houston,TX,77070
635,Lynn,Showler,lshowlerhm@soundcloud.com,2 Sheridan Center,Bethlehem,PA,18018
636,Shina,Stopher,sstopherhn@photobucket.com,53182 Ohio Alley,Anchorage,AK,99512
637,Kenyon,Pimblett,kpimblettho@forbes.com,23 Katie Crossing,Inglewood,CA,90310
638,Heidi,Barbery,hbarberyhp@hud.gov,958 Buell Street,Norwalk,CT,06854
639,Elnora,Agge,eaggehq@auda.org.au,8 Meadow Vale Road,Portsmouth,VA,23705
640,Riki,Leeson,rleesonhr@cafepress.com,0612 Rusk Center,Atlanta,GA,30358
641,Andromache,Scrivinor,ascrivinorhs@cmu.edu,26149 Sachtjen Park,Albuquerque,NM,87110
642,Franklin,Dullard,fdullardht@sourceforge.net,801 Forest Dale Alley,Virginia Beach,VA,23459
643,Florida,Colthurst,fcolthursthu@livejournal.com,77 Anniversary Avenue,New Orleans,LA,70179
644,Dirk,Klug,dklughv@parallels.com,7 Sauthoff Parkway,Tallahassee,FL,32314
645,Corene,Perle,cperlehw@ucsd.edu,85926 Westerfield Hill,Van Nuys,CA,91406
646,Vilma,Gitthouse,vgitthousehx@biblegateway.com,880 Morningstar Hill,Savannah,GA,31410
647,Ignace,Dowry,idowryhy@1688.com,341 Village Terrace,Newark,NJ,07188
648,Amaleta,Currey,acurreyhz@ed.gov,9664 Muir Junction,Lexington,KY,40591
649,Antonetta,Dodson,adodsoni0@harvard.edu,15 Grim Junction,Boca Raton,FL,33499
650,Whittaker,Naper,wnaperi1@multiply.com,137 Lerdahl Court,Valdosta,GA,31605
651,Roth,Kiloh,rkilohi2@pagesperso-orange.fr,27 Prairieview Crossing,Pasadena,CA,91199
652,Kristel,Remer,kremeri3@npr.org,792 Division Lane,Saint Louis,MO,63131
653,Collen,Broy,cbroyi4@ustream.tv,08456 Comanche Parkway,Des Moines,IA,50320
654,Olag,Gaymer,ogaymeri5@bbb.org,8 Sunnyside Pass,Hagerstown,MD,21747
655,Finley,Broker,fbrokeri6@weebly.com,45 Algoma Street,Chicago,IL,60641
656,West,Rowlings,wrowlingsi7@tinypic.com,62567 Union Street,Huntington,WV,25705
657,Aldwin,Cricket,acricketi8@yahoo.com,1675 Nobel Street,Tempe,AZ,85284
658,Currey,Igo,cigoi9@usgs.gov,3 Sunfield Park,Orlando,FL,32854
659,Andria,Dobble,adobbleia@patch.com,8 Kropf Street,Baton Rouge,LA,70836
660,Mike,McAviy,mmcaviyib@cbsnews.com,548 Blue Bill Park Pass,San Diego,CA,92105
661,Clay,Neate,cneateic@dot.gov,5 Bunker Hill Place,Atlanta,GA,30340
662,Hilario,Frankowski,hfrankowskiid@fastcompany.com,82123 Sullivan Junction,Baltimore,MD,21265
663,Nevil,Humphris,nhumphrisie@wiley.com,2 Morningstar Park,Everett,WA,98206
664,Roda,Lemonnier,rlemonnierif@theglobeandmail.com,8994 Granby Crossing,Washington,DC,20392
665,Evangelin,Fearby,efearbyig@csmonitor.com,32 Golden Leaf Circle,Jackson,MS,39204
666,Giordano,Aujean,gaujeanih@imdb.com,3 Drewry Terrace,Detroit,MI,48211
667,Harcourt,Hodjetts,hhodjettsii@ox.ac.uk,85872 Cordelia Circle,Columbus,GA,31914
668,Dolores,Thamelt,dthameltij@blinklist.com,2 Merrick Park,Whittier,CA,90605
669,Francene,Lodwick,flodwickik@princeton.edu,05235 Towne Lane,Memphis,TN,38131
670,Averil,Govan,agovanil@gmpg.org,23057 Ronald Regan Junction,Apache Junction,AZ,85219
671,Jan,Cattrall,jcattrallim@smugmug.com,8 Darwin Hill,Oakland,CA,94616
672,Elfreda,Mohammad,emohammadin@squidoo.com,017 Harbort Pass,Lubbock,TX,79452
673,Quintin,Minithorpe,qminithorpeio@amazonaws.com,3661 Lyons Place,Lehigh Acres,FL,33972
674,Dodi,Narup,dnarupip@prweb.com,53 Elka Hill,Vancouver,WA,98664
675,Hi,Lucus,hlucusiq@jugem.jp,0377 Londonderry Alley,Helena,MT,59623
676,Ingaborg,Thurnham,ithurnhamir@prnewswire.com,73 Meadow Ridge Park,Jackson,MS,39210
677,Sherill,Maisey,smaiseyis@mozilla.org,784 Spaight Terrace,Portland,OR,97206
678,Linette,Restorick,lrestorickit@china.com.cn,65200 Anderson Lane,Detroit,MI,48267
679,Pete,Iwanowicz,piwanowicziu@squidoo.com,893 Scofield Way,Memphis,TN,38126
680,Wadsworth,Penylton,wpenyltoniv@about.me,5211 Twin Pines Alley,Corpus Christi,TX,78465
681,Katie,Aisthorpe,kaisthorpeiw@github.io,2831 Shoshone Street,Hot Springs National Park,AR,71914
682,Rand,Ceschelli,rceschelliix@state.tx.us,39 Green Ridge Drive,Scottsdale,AZ,85255
683,Boothe,Rosingdall,brosingdalliy@domainmarket.com,0976 7th Alley,Jeffersonville,IN,47134
684,Michal,Lambarth,mlambarthiz@ycombinator.com,34437 Dovetail Parkway,Monticello,MN,55585
685,Averil,Tiley,atileyj0@jalbum.net,75 Evergreen Road,Birmingham,AL,35236
686,Stephanie,Studdeard,sstuddeardj1@shareasale.com,9 Stone Corner Circle,Corpus Christi,TX,78415
687,Ricard,Somerset,rsomersetj2@moonfruit.com,01 Reindahl Trail,Aurora,IL,60505
688,Wylie,Gilpin,wgilpinj3@yellowpages.com,87974 Basil Court,Saginaw,MI,48604
689,Lin,Boggers,lboggersj4@sfgate.com,78 Schurz Point,Phoenix,AZ,85030
690,Hayes,Grimestone,hgrimestonej5@trellian.com,075 Buena Vista Park,Merrifield,VA,22119
691,Richard,Brewett,rbrewettj6@moonfruit.com,26 Monument Way,Buffalo,NY,14233
692,Kimmi,Askey,kaskeyj7@mlb.com,25 Brickson Park Trail,Dallas,TX,75221
693,Ludwig,Batteson,lbattesonj8@fotki.com,250 Vernon Place,Yakima,WA,98907
694,Rudyard,Ambrozik,rambrozikj9@earthlink.net,83 Porter Junction,Fort Worth,TX,76147
695,Donetta,Normanvill,dnormanvillja@stumbleupon.com,93 Calypso Court,Washington,DC,20503
696,Nertie,Frondt,nfrondtjb@icio.us,16420 Brentwood Plaza,Raleigh,NC,27635
697,Lorrie,Smorfit,lsmorfitjc@hud.gov,21 Del Sol Way,Whittier,CA,90605
698,Yorgos,Trobe,ytrobejd@ehow.com,7 Sunfield Plaza,Jacksonville,FL,32215
699,Karole,Kiellor,kkiellorje@tripadvisor.com,68158 Welch Center,Tucson,AZ,85748
700,Hilly,Goodliff,hgoodliffjf@dion.ne.jp,855 Mallard Crossing,Durham,NC,27705
701,Webb,Mourbey,wmourbeyjg@google.de,82 Arizona Place,Worcester,MA,01654
702,Traver,Juppe,tjuppejh@yelp.com,692 Paget Way,Seattle,WA,98133
703,Huberto,Duthy,hduthyji@army.mil,41 Springview Terrace,Trenton,NJ,08638
704,Malva,Swindles,mswindlesjj@hibu.com,6862 Linden Trail,Austin,TX,78737
705,Pattie,Maffetti,pmaffettijk@woothemes.com,850 Dahle Circle,Milwaukee,WI,53285
706,Nicky,Curryer,ncurryerjl@blogger.com,910 Stoughton Point,Pittsburgh,PA,15274
707,Fairleigh,Klamman,fklammanjm@altervista.org,0636 Forster Hill,Erie,PA,16534
708,Laura,Abbott,labbottjn@columbia.edu,5 Butterfield Road,Sparks,NV,89436
709,Nalani,Neubigging,nneubiggingjo@deviantart.com,67076 Main Road,Carol Stream,IL,60351
710,Orelia,Loud,oloudjp@cargocollective.com,20 Leroy Drive,El Paso,TX,88530
711,Patsy,Kennington,pkenningtonjq@sbwire.com,859 Golf Course Plaza,Charlotte,NC,28225
712,Carly,Lucius,cluciusjr@huffingtonpost.com,566 Summer Ridge Circle,Canton,OH,44705
713,Zach,Ayliff,zayliffjs@arizona.edu,7 Monterey Parkway,Detroit,MI,48211
714,Agatha,Hortop,ahortopjt@1688.com,1670 Scofield Park,San Francisco,CA,94105
715,Joanie,Adolfsen,jadolfsenju@theguardian.com,21006 Loftsgordon Plaza,Chicago,IL,60641
716,Mike,Dell'Abbate,mdellabbatejv@dmoz.org,0 Northridge Center,Duluth,MN,55811
717,Tessa,Stych,tstychjw@fotki.com,108 Hintze Avenue,Wilmington,DE,19805
718,Nertie,Lante,nlantejx@usa.gov,06 Maple Wood Parkway,Memphis,TN,38119
719,Bartolomeo,Robrose,brobrosejy@meetup.com,90 Bunting Point,Reno,NV,89510
720,Jany,Kenrack,jkenrackjz@exblog.jp,6906 Goodland Court,Anaheim,CA,92812
721,Clerc,Wenzel,cwenzelk0@ustream.tv,46911 Lillian Lane,Fresno,CA,93715
722,Parsifal,Beesley,pbeesleyk1@linkedin.com,06302 Namekagon Pass,Fairbanks,AK,99709
723,Sandor,Joanaud,sjoanaudk2@wiley.com,1802 Continental Circle,Tyler,TX,75799
724,Baird,Philippet,bphilippetk3@bluehost.com,7 Crownhardt Place,Richmond,VA,23272
725,Berty,Mounsie,bmounsiek4@foxnews.com,9 Gulseth Way,Jackson,MS,39210
726,Anjanette,Levay,alevayk5@twitter.com,67 Atwood Park,Portland,OR,97216
727,Owen,Graveson,ogravesonk6@google.co.jp,66970 Village Trail,Visalia,CA,93291
728,Cassi,Danelet,cdaneletk7@princeton.edu,771 Russell Court,Saint Louis,MO,63136
729,Ahmed,Bushaway,abushawayk8@google.ru,70189 Erie Pass,Salt Lake City,UT,84189
730,Wells,Farnsworth,wfarnsworthk9@twitter.com,7967 Muir Circle,Chicago,IL,60604
731,Beatrisa,Rigate,brigateka@shutterfly.com,32 Mifflin Parkway,Durham,NC,27710
732,Witty,Burnsides,wburnsideskb@360.cn,93584 Becker Street,Des Moines,IA,50362
733,Deb,Chessell,dchessellkc@parallels.com,77 Homewood Plaza,Canton,OH,44720
734,Sibylle,Shearn,sshearnkd@zdnet.com,1 Monterey Terrace,Cedar Rapids,IA,52410
735,Vikki,Woodstock,vwoodstockke@shareasale.com,76135 Vidon Plaza,Richmond,VA,23277
736,Claude,Anfrey,canfreykf@usgs.gov,815 Red Cloud Avenue,Silver Spring,MD,20910
737,Magdaia,Kempster,mkempsterkg@smh.com.au,79685 Arkansas Crossing,Roanoke,VA,24029
738,Pier,Romi,promikh@upenn.edu,306 Continental Drive,Arlington,VA,22217
739,Natalya,Marchiso,nmarchisoki@forbes.com,6 Carberry Point,Oakland,CA,94611
740,Gram,Stigell,gstigellkj@oracle.com,3 Mallard Avenue,Little Rock,AR,72209
741,Neill,Szymoni,nszymonikk@sfgate.com,70 Michigan Alley,Yakima,WA,98907
742,Leopold,Cockney,lcockneykl@g.co,72 Pierstorff Place,Falls Church,VA,22047
743,Magnum,Haps,mhapskm@google.ru,0 Mendota Hill,Tyler,TX,75710
744,Sofia,Lunbech,slunbechkn@unesco.org,64825 Johnson Road,Oakland,CA,94622
745,Marlyn,Grayshon,mgrayshonko@eventbrite.com,69445 Shopko Parkway,Kansas City,MO,64130
746,Valeria,Spiby,vspibykp@moonfruit.com,61 Sherman Park,Buffalo,NY,14263
747,Ruthann,Westrope,rwestropekq@tinyurl.com,1252 Lien Point,Edmond,OK,73034
748,Jojo,Sacaze,jsacazekr@trellian.com,0935 Ridgeway Terrace,San Diego,CA,92145
749,Paige,Hyndman,phyndmanks@bbc.co.uk,1 Warrior Parkway,Salt Lake City,UT,84110
750,Kaylil,Lidgely,klidgelykt@livejournal.com,974 Bultman Circle,San Angelo,TX,76905
751,Rozanna,Westpfel,rwestpfelku@tiny.cc,994 Forest Dale Park,Wilmington,NC,28405
752,Gustavus,Huerta,ghuertakv@rakuten.co.jp,7 8th Drive,Brooklyn,NY,11236
753,Lizabeth,Brisley,lbrisleykw@is.gd,5707 Utah Crossing,Baltimore,MD,21203
754,Julina,Charke,jcharkekx@cdc.gov,984 Messerschmidt Drive,San Francisco,CA,94177
755,Blake,Cissell,bcissellky@bandcamp.com,372 Saint Paul Trail,Arlington,VA,22225
756,Stanley,Kauble,skaublekz@mozilla.org,71845 Brickson Park Park,Cincinnati,OH,45208
757,Gerard,Zoren,gzorenl0@sohu.com,1 Vidon Road,Anchorage,AK,99507
758,Tomlin,Synnott,tsynnottl1@google.com.au,6238 Waubesa Hill,Dallas,TX,75265
759,Ethelred,Wickersley,ewickersleyl2@drupal.org,10965 Tony Parkway,Terre Haute,IN,47805
760,Gussy,Grimsdell,ggrimsdelll3@mail.ru,0 Jenna Lane,Norwalk,CT,06854
761,Tymon,Grinvalds,tgrinvaldsl4@webeden.co.uk,87 Arizona Alley,Abilene,TX,79699
762,Justinn,Driffill,jdriffilll5@mail.ru,817 Montana Hill,Los Angeles,CA,90094
763,Heida,Farlowe,hfarlowel6@friendfeed.com,03 Nancy Road,Phoenix,AZ,85015
764,Dewie,Daouze,ddaouzel7@irs.gov,581 Sachs Street,Lansing,MI,48901
765,Trina,Buckel,tbuckell8@squarespace.com,82 North Parkway,Pasadena,CA,91109
766,Dunstan,Syres,dsyresl9@ow.ly,0 Mayfield Crossing,Garland,TX,75044
767,Norri,Andrivot,nandrivotla@imageshack.us,448 Schmedeman Parkway,Saint Louis,MO,63158
768,Skipper,Cattini,scattinilb@friendfeed.com,29776 Grayhawk Terrace,Sioux Falls,SD,57105
769,Nariko,Dyers,ndyerslc@cisco.com,78 Warrior Place,Alexandria,VA,22301
770,Simone,Ticksall,sticksallld@studiopress.com,5 Esker Point,Nashville,TN,37250
771,Yank,Feaveer,yfeaveerle@squidoo.com,8 Prairie Rose Point,Albuquerque,NM,87201
772,Nicol,Caldes,ncaldeslf@mail.ru,99 Northland Point,Tyler,TX,75710
773,Britteny,MacMorland,bmacmorlandlg@sakura.ne.jp,33 Waubesa Plaza,Rochester,NY,14683
774,Baron,Treneman,btrenemanlh@reverbnation.com,45 3rd Point,Louisville,KY,40287
775,Sofie,Tuckey,stuckeyli@so-net.ne.jp,5 Larry Terrace,Fort Lauderdale,FL,33345
776,Chery,Tonn,ctonnlj@cnet.com,7 Cardinal Terrace,Joliet,IL,60435
777,Darren,Cobson,dcobsonlk@nsw.gov.au,09812 Pearson Terrace,Milwaukee,WI,53205
778,Paloma,Dalgardno,pdalgardnoll@free.fr,0021 Golf Street,Indianapolis,IN,46247
779,Ax,Bastock,abastocklm@delicious.com,48199 Commercial Alley,Phoenix,AZ,85015
780,Laurence,Chellingworth,lchellingworthln@sitemeter.com,8 Darwin Circle,New Orleans,LA,70160
781,Shepperd,Goodlud,sgoodludlo@bigcartel.com,6232 Memorial Trail,Denver,CO,80217
782,Les,Storkes,lstorkeslp@networksolutions.com,62837 Sundown Point,El Paso,TX,79923
783,Aili,Gannaway,agannawaylq@jalbum.net,962 Oak Valley Court,Columbus,GA,31998
784,Lancelot,Crutch,lcrutchlr@nba.com,17551 Manufacturers Road,Pasadena,TX,77505
785,Jefferey,Bursell,jbursellls@dailymotion.com,8073 Packers Court,Sacramento,CA,94257
786,Stephanie,Broader,sbroaderlt@about.me,597 Mcbride Street,Frankfort,KY,40618
787,Cordie,Edards,cedardslu@gov.uk,793 Pawling Point,Shreveport,LA,71161
788,Rosanne,Slora,rsloralv@cnbc.com,7159 Marcy Junction,Chicago,IL,60630
789,Barton,Fitchew,bfitchewlw@fotki.com,54 Manley Lane,Charleston,SC,29416
790,Chastity,Geare,cgearelx@slashdot.org,47136 South Road,Boulder,CO,80328
791,Johann,Doree,jdoreely@phoca.cz,995 Longview Drive,Fort Pierce,FL,34949
792,Asia,Timms,atimmslz@imageshack.us,55929 Schmedeman Circle,Dallas,TX,75205
793,Errick,Staten,estatenm0@nytimes.com,34 Sunbrook Avenue,New Orleans,LA,70116
794,Rutger,Gowenlock,rgowenlockm1@ycombinator.com,6 Packers Hill,Saint Paul,MN,55115
795,Evyn,Darley,edarleym2@yahoo.com,56331 Elgar Court,San Antonio,TX,78291
796,Kit,Campanelli,kcampanellim3@deliciousdays.com,9 Lyons Road,Las Vegas,NV,89120
797,Janessa,Bann,jbannm4@ask.com,66 Lighthouse Bay Center,Boynton Beach,FL,33436
798,Chariot,Korneluk,ckornelukm5@unc.edu,485 Melody Circle,Memphis,TN,38143
799,Herc,Scurrah,hscurrahm6@digg.com,11 Mallory Crossing,Suffolk,VA,23436
800,Lorenzo,Vanni,lvannim7@usa.gov,9065 Menomonie Plaza,Tacoma,WA,98417
801,Koressa,Kewish,kkewishm8@scribd.com,1 Banding Point,Santa Monica,CA,90405
802,Michell,Pendrey,mpendreym9@i2i.jp,379 Loeprich Pass,Falls Church,VA,22047
803,Vaughan,Duberry,vduberryma@wikia.com,606 Pawling Crossing,Murfreesboro,TN,37131
804,Worthy,Reasun,wreasunmb@soundcloud.com,86 Summit Park,Pittsburgh,PA,15240
805,Perrine,Verdon,pverdonmc@indiatimes.com,29 Clove Circle,Elmira,NY,14905
806,Sapphira,Castelletti,scastellettimd@cnet.com,341 Scoville Way,New York City,NY,10165
807,Herbert,Wraith,hwraithme@psu.edu,6899 Montana Road,Pasadena,CA,91131
808,Allistir,Abbys,aabbysmf@paginegialle.it,2 Cambridge Trail,Austin,TX,78710
809,Jill,Catherick,jcatherickmg@bbb.org,58 Kenwood Park,Raleigh,NC,27690
810,Alexa,Claessens,aclaessensmh@ocn.ne.jp,42 Anhalt Junction,Houston,TX,77245
811,Fitzgerald,Snartt,fsnarttmi@nytimes.com,0267 Crescent Oaks Trail,Charlotte,NC,28205
812,Jodie,Davenhill,jdavenhillmj@cyberchimps.com,2 Independence Avenue,Richmond,VA,23225
813,Loria,Richards,lrichardsmk@sun.com,20457 Parkside Point,Saint Louis,MO,63150
814,Yuma,Roughey,yrougheyml@baidu.com,19629 Starling Hill,Roanoke,VA,24029
815,Gregorio,Janosevic,gjanosevicmm@harvard.edu,10703 Holy Cross Avenue,Washington,DC,20551
816,Ninette,Gladstone,ngladstonemn@arstechnica.com,6 Carberry Pass,Pasadena,CA,91103
817,Kermy,M'Barron,kmbarronmo@mediafire.com,2 Scott Hill,Dallas,TX,75367
818,Moina,Breyt,mbreytmp@salon.com,52 Killdeer Hill,Honolulu,HI,96850
819,Robby,Beade,rbeademq@google.ru,284 Stang Place,Phoenix,AZ,85035
820,Evania,Buard,ebuardmr@de.vu,8 Bay Court,Las Vegas,NV,89130
821,Whitby,Gabbotts,wgabbottsms@youtu.be,418 Homewood Lane,Santa Ana,CA,92705
822,Kirby,Fattorini,kfattorinimt@icio.us,2397 Harper Junction,Lake Worth,FL,33467
823,Stuart,Sleeman,ssleemanmu@yahoo.com,2 School Crossing,Washington,DC,20244
824,Heida,Thornebarrow,hthornebarrowmv@hexun.com,2 Bunker Hill Drive,Austin,TX,78737
825,Rochette,Hassent,rhassentmw@umich.edu,1678 Cardinal Hill,Scottsdale,AZ,85255
826,Susan,Haisell,shaisellmx@aboutads.info,41267 Melby Point,Austin,TX,78703
827,Emmalynne,Tebbett,etebbettmy@nba.com,44 Forster Way,San Diego,CA,92105
828,Thomasina,Armatage,tarmatagemz@diigo.com,270 Moland Parkway,Fort Smith,AR,72905
829,Garnette,Dumini,gduminin0@deviantart.com,379 Old Gate Plaza,Rockford,IL,61105
830,Edee,Reaney,ereaneyn1@shinystat.com,0384 Miller Terrace,Athens,GA,30610
831,Karoly,Phant,kphantn2@statcounter.com,37222 Hansons Circle,Dallas,TX,75226
832,Clea,Orrobin,corrobinn3@sbwire.com,2 Sachtjen Lane,Springfield,IL,62756
833,Carly,Koppens,ckoppensn4@wsj.com,7289 Daystar Alley,Washington,DC,20430
834,Red,Blayney,rblayneyn5@go.com,4498 Waubesa Parkway,Muncie,IN,47306
835,Stephi,Quinton,squintonn6@cisco.com,01 Kingsford Court,Las Vegas,NV,89166
836,Cleve,Zamora,czamoran7@bravesites.com,35618 Bonner Drive,Naples,FL,33963
837,Ced,Turnpenny,cturnpennyn8@e-recht24.de,2 Anhalt Lane,Arlington,TX,76016
838,Glory,Hockell,ghockelln9@people.com.cn,37216 Ramsey Point,San Antonio,TX,78255
839,Jaquelyn,Junkin,jjunkinna@prlog.org,5 8th Lane,Dallas,TX,75387
840,Cally,Shipston,cshipstonnb@over-blog.com,63 Iowa Alley,San Diego,CA,92121
841,Vinita,Corkish,vcorkishnc@shop-pro.jp,30 Ronald Regan Alley,New York City,NY,10079
842,Drusi,Capun,dcapunnd@ihg.com,8365 Troy Way,El Paso,TX,88541
843,Halli,Sanday,hsandayne@engadget.com,9953 Bayside Trail,Boise,ID,83732
844,Shaylah,Kondratyuk,skondratyuknf@quantcast.com,1 Florence Crossing,Los Angeles,CA,90065
845,Ingeborg,Dyerson,idyersonng@cmu.edu,03191 Moland Pass,Fort Wayne,IN,46805
846,Thorn,Trapp,ttrappnh@narod.ru,77 Mayfield Pass,Denver,CO,80291
847,Daniela,Rooson,droosonni@google.com,93926 Hallows Trail,Tampa,FL,33605
848,Alexandro,Barenski,abarenskinj@usnews.com,97 Blackbird Place,Detroit,MI,48224
849,Vin,Mealham,vmealhamnk@cyberchimps.com,11546 Warbler Court,Humble,TX,77346
850,Glennis,Godain,ggodainnl@archive.org,9 Heath Point,Beaverton,OR,97075
851,Betty,Lonie,blonienm@craigslist.org,539 Sutteridge Plaza,Richmond,VA,23277
852,Flss,Davson,fdavsonnn@hibu.com,5727 Summit Parkway,Chandler,AZ,85246
853,Chen,Beininck,cbeininckno@java.com,532 Beilfuss Junction,Pocatello,ID,83206
854,Ravid,Skully,rskullynp@sciencedirect.com,297 Bashford Street,Amarillo,TX,79159
855,Chiquita,Melding,cmeldingnq@w3.org,0 Tennyson Plaza,Austin,TX,78732
856,Wernher,Freeberne,wfreebernenr@moonfruit.com,950 Norway Maple Street,Stockton,CA,95205
857,Henka,Pugh,hpughns@hud.gov,659 Esch Crossing,Washington,DC,20591
858,Joy,Pascall,jpascallnt@jugem.jp,9 Lake View Court,North Hollywood,CA,91616
859,Gregoor,Lobb,globbnu@dagondesign.com,94 Cody Way,Spokane,WA,99220
860,Reinwald,Rosenberger,rrosenbergernv@berkeley.edu,2472 Meadow Ridge Court,Vancouver,WA,98687
861,Randene,Farmloe,rfarmloenw@state.gov,4806 Monument Point,Baton Rouge,LA,70883
862,Denni,Narracott,dnarracottnx@independent.co.uk,5 Barnett Park,Jefferson City,MO,65110
863,Marcia,Pagen,mpagenny@alibaba.com,403 Evergreen Terrace,Wichita Falls,TX,76310
864,Cash,Jon,cjonnz@mashable.com,67 Shasta Street,Whittier,CA,90605
865,Millicent,Raddin,mraddino0@w3.org,6970 Morning Lane,San Francisco,CA,94164
866,Melina,Vreiberg,mvreibergo1@mozilla.com,88 Melvin Way,Chicago,IL,60691
867,Marybelle,Yellop,myellopo2@washington.edu,02690 Karstens Junction,Dallas,TX,75367
868,Alfonso,Angrove,aangroveo3@uiuc.edu,503 Huxley Avenue,Shreveport,LA,71161
869,Ninnette,Grady,ngradyo4@networksolutions.com,3 Walton Hill,Lexington,KY,40546
870,Gasper,Mumford,gmumfordo5@umich.edu,29625 Mendota Park,Hartford,CT,06152
871,Marena,Macro,mmacroo6@yale.edu,47 6th Road,Mobile,AL,36628
872,Benny,Morphew,bmorphewo7@tiny.cc,844 Di Loreto Pass,Montgomery,AL,36177
873,Hilly,Grimsdell,hgrimsdello8@1688.com,5480 Kennedy Road,Indianapolis,IN,46266
874,Edwin,Lowndesbrough,elowndesbrougho9@umich.edu,70449 Riverside Crossing,Nashville,TN,37210
875,Heall,MacPaike,hmacpaikeoa@home.pl,6 5th Circle,Houston,TX,77271
876,Rice,Duckers,rduckersob@cnbc.com,03944 Helena Lane,Columbia,SC,29240
877,Carly,Lobell,clobelloc@mayoclinic.com,36 Dapin Drive,Tampa,FL,33625
878,Boyd,Dosdill,bdosdillod@feedburner.com,9 Marquette Parkway,Indianapolis,IN,46231
879,Ofilia,Bertouloume,obertouloumeoe@usda.gov,363 Morning Park,Arlington,VA,22217
880,Fredric,Annetts,fannettsof@comcast.net,1 Mccormick Court,San Antonio,TX,78215
881,Mickey,Omand,momandog@barnesandnoble.com,9 Arapahoe Parkway,Hartford,CT,06160
882,Cherlyn,Guidoni,cguidonioh@themeforest.net,9 Steensland Pass,Dallas,TX,75353
883,Andromache,Thieme,athiemeoi@yellowpages.com,8 Truax Junction,Peoria,IL,61640
884,Geralda,Bulward,gbulwardoj@si.edu,17 Graceland Center,Fort Wayne,IN,46805
885,Nellie,Skones,nskonesok@pagesperso-orange.fr,06 Maple Place,Sioux Falls,SD,57193
886,Melinda,Goddard,mgoddardol@behance.net,10 Linden Plaza,Las Vegas,NV,89105
887,Juieta,Strawbridge,jstrawbridgeom@princeton.edu,09 Forest Run Avenue,Richmond,VA,23293
888,Kip,Yurkevich,kyurkevichon@mozilla.org,10 Schmedeman Crossing,Tyler,TX,75710
889,Lucretia,Quittonden,lquittondenoo@nba.com,91 Dakota Parkway,Jamaica,NY,11431
890,Belvia,Tasker,btaskerop@surveymonkey.com,72 Butterfield Lane,Los Angeles,CA,90094
891,Elfrida,Splevin,esplevinoq@irs.gov,91769 Morning Pass,Aiken,SC,29805
892,Kinnie,Blennerhassett,kblennerhassettor@diigo.com,3 Butternut Circle,Amarillo,TX,79165
893,Shana,Yarmouth,syarmouthos@omniture.com,4 Sachs Drive,Montgomery,AL,36119
894,Thornie,Sirr,tsirrot@nationalgeographic.com,576 Helena Plaza,Kansas City,MO,64190
895,Lucian,Radbone,lradboneou@hubpages.com,4266 Logan Place,Charlotte,NC,28230
896,Haze,Loughan,hloughanov@wp.com,57 Glacier Hill Avenue,Waco,TX,76711
897,Joby,Eastbury,jeastburyow@feedburner.com,28541 Sommers Plaza,Tucson,AZ,85748
898,Pinchas,Lightbourne,plightbourneox@cisco.com,9629 Melody Hill,Shreveport,LA,71137
899,Nance,Lofty,nloftyoy@scribd.com,954 Dixon Trail,Atlanta,GA,30301
900,Reinald,Queree,rquereeoz@typepad.com,7 Arizona Point,Sparks,NV,89436
901,Mikkel,Tapley,mtapleyp0@comcast.net,6137 Westport Pass,Miami,FL,33111
902,Ab,Clew,aclewp1@homestead.com,546 Arkansas Road,Houston,TX,77281
903,Corena,Andriulis,candriulisp2@adobe.com,22 Stone Corner Court,Duluth,MN,55805
904,Killy,Greggersen,kgreggersenp3@businessweek.com,6 Derek Park,New Orleans,LA,70165
905,Igor,Twinning,itwinningp4@slate.com,3255 Menomonie Way,Modesto,CA,95397
906,Adelaida,Cotte,acottep5@yelp.com,87 Swallow Avenue,Austin,TX,78710
907,Barnabas,Caffery,bcafferyp6@amazon.co.uk,45625 Birchwood Junction,Flushing,NY,11388
908,Clyde,Bursnell,cbursnellp7@google.com.br,8677 Clemons Alley,Anchorage,AK,99522
909,Nikola,Storah,nstorahp8@smh.com.au,6 Carey Place,Atlanta,GA,31119
910,De witt,Radmer,dradmerp9@opensource.org,034 Linden Drive,San Diego,CA,92153
911,Linell,Royds,lroydspa@statcounter.com,1258 Rusk Street,Honolulu,HI,96815
912,Cord,Paniman,cpanimanpb@imdb.com,47 Grover Plaza,Peoria,IL,61635
913,Elysia,Danbury,edanburypc@statcounter.com,989 Farragut Way,Arlington,TX,76004
914,Jean,Tolliday,jtollidaypd@topsy.com,9 Chinook Parkway,San Jose,CA,95194
915,Merline,Webermann,mwebermannpe@sogou.com,66603 Stang Lane,Wichita,KS,67236
916,Jonas,Conkey,jconkeypf@state.gov,517 Anniversary Avenue,Flint,MI,48555
917,Diandra,Fishleigh,dfishleighpg@ask.com,00182 La Follette Lane,New York City,NY,10292
918,Darsie,Lattin,dlattinph@economist.com,8 School Circle,Green Bay,WI,54313
919,Buffy,Prandy,bprandypi@nydailynews.com,5267 Grover Parkway,Boston,MA,02124
920,Carly,Armor,carmorpj@webnode.com,02 Grasskamp Alley,Greensboro,NC,27499
921,Kennan,Axtonne,kaxtonnepk@indiatimes.com,761 Hovde Road,Jefferson City,MO,65110
922,Sheri,Spinnace,sspinnacepl@businesswire.com,04 Menomonie Drive,Tulsa,OK,74133
923,Nowell,Liddyard,nliddyardpm@msn.com,7 International Circle,Fort Lauderdale,FL,33305
924,Bernadine,Pau,bpaupn@walmart.com,59 Bayside Parkway,Pittsburgh,PA,15215
925,Katya,Rogerot,krogerotpo@alibaba.com,39 Twin Pines Alley,Fort Worth,TX,76129
926,Katrine,Auten,kautenpp@huffingtonpost.com,012 Orin Parkway,Shreveport,LA,71151
927,Sephira,Eatttok,seatttokpq@rakuten.co.jp,04940 Dorton Way,Flint,MI,48505
928,Cos,Segrott,csegrottpr@google.fr,3 Montana Plaza,Louisville,KY,40233
929,Wandis,Way,wwayps@ocn.ne.jp,4 Nova Street,Lake Worth,FL,33462
930,Sabina,Danat,sdanatpt@huffingtonpost.com,8 Sutherland Hill,Indianapolis,IN,46254
931,Esme,Jaher,ejaherpu@addthis.com,7 Chinook Street,Buffalo,NY,14225
932,Theresina,Beadel,tbeadelpv@timesonline.co.uk,2914 Hoard Place,Seattle,WA,98195
933,Marguerite,Bridgwood,mbridgwoodpw@360.cn,3508 Fordem Court,Austin,TX,78721
934,Sheelagh,Maruszewski,smaruszewskipx@delicious.com,038 Northport Place,Philadelphia,PA,19109
935,Horst,Allison,hallisonpy@slideshare.net,4609 Ruskin Drive,Salt Lake City,UT,84170
936,Tremaine,Impett,timpettpz@sakura.ne.jp,7768 Toban Drive,Young America,MN,55551
937,Horst,Sollett,hsollettq0@jimdo.com,5471 Petterle Alley,Wichita Falls,TX,76305
938,Michaeline,Gathercoal,mgathercoalq1@hhs.gov,598 Corben Crossing,Topeka,KS,66699
939,Charmane,Gorring,cgorringq2@vkontakte.ru,794 Lunder Junction,Oklahoma City,OK,73157
940,Florella,Kenworthy,fkenworthyq3@booking.com,3436 Sycamore Center,Houston,TX,77260
941,Marquita,Espine,mespineq4@vimeo.com,35392 Longview Plaza,Daytona Beach,FL,32128
942,Eachelle,Brewett,ebrewettq5@qq.com,6 Calypso Park,Kansas City,MO,64190
943,Maire,Ong,mongq6@amazon.co.jp,96011 Sugar Crossing,Jacksonville,FL,32204
944,Weider,Curman,wcurmanq7@harvard.edu,67 Bunting Terrace,Pittsburgh,PA,15279
945,Devora,Matantsev,dmatantsevq8@slate.com,2649 Steensland Drive,Saint Louis,MO,63169
946,Edyth,Swadon,eswadonq9@scribd.com,45794 School Court,Sacramento,CA,95828
947,Nerita,Mahaffey,nmahaffeyqa@dmoz.org,1 Montana Crossing,Des Moines,IA,50310
948,Robinia,Jacques,rjacquesqb@springer.com,8455 Northfield Pass,Houston,TX,77223
949,Huntington,Ikin,hikinqc@rambler.ru,9 Kings Hill,Fort Wayne,IN,46867
950,Linoel,Leavey,lleaveyqd@unc.edu,5767 Clarendon Point,Minneapolis,MN,55446
951,Vivienne,Manderson,vmandersonqe@godaddy.com,35628 Muir Park,Dallas,TX,75342
952,Reube,Spiteri,rspiteriqf@fema.gov,62 Alpine Avenue,Los Angeles,CA,90065
953,Terrie,McIlvenny,tmcilvennyqg@va.gov,2 Hoffman Pass,Louisville,KY,40256
954,Anya,Slinn,aslinnqh@sohu.com,15 Ruskin Plaza,Kansas City,MO,64130
955,Kristina,Makepeace,kmakepeaceqi@example.com,29 Drewry Court,Farmington,MI,48335
956,Doti,Arrighini,darrighiniqj@posterous.com,7 Dakota Lane,Loretto,MN,55598
957,Robinet,Scattergood,rscattergoodqk@alibaba.com,2 Hanson Circle,Winston Salem,NC,27105
958,Ulrika,Glencorse,uglencorseql@tripod.com,31471 Anzinger Pass,South Lake Tahoe,CA,96154
959,Donelle,Berndsen,dberndsenqm@abc.net.au,10991 Michigan Lane,Houston,TX,77090
960,Evita,Le Marchant,elemarchantqn@vistaprint.com,435 Stephen Hill,Miami,FL,33261
961,Armando,Pimbley,apimbleyqo@jiathis.com,511 Division Alley,Augusta,GA,30911
962,Rock,Pickover,rpickoverqp@github.io,72324 Chinook Road,Midland,TX,79705
963,Bliss,Castanho,bcastanhoqq@cnn.com,3 Prairie Rose Court,Los Angeles,CA,90081
964,Seamus,Birch,sbirchqr@gravatar.com,6 Alpine Parkway,Philadelphia,PA,19136
965,Vincenty,De Vaan,vdevaanqs@youtube.com,70771 Spaight Terrace,Marietta,GA,30066
966,Frank,Bastin,fbastinqt@japanpost.jp,15472 Vermont Parkway,San Jose,CA,95155
967,Cilka,Hallgarth,challgarthqu@usda.gov,333 Carioca Point,Omaha,NE,68117
968,Pavlov,Laxton,plaxtonqv@angelfire.com,8 Lawn Way,Atlanta,GA,30301
969,Marcellus,MacKinnon,mmackinnonqw@amazon.co.uk,55976 Nova Street,Nashville,TN,37215
970,Feliza,Genn,fgennqx@wordpress.org,4493 Brown Crossing,Washington,DC,20016
971,Joice,Lambin,jlambinqy@hud.gov,0200 Vahlen Crossing,Madison,WI,53785
972,Gawain,MacKartan,gmackartanqz@tinypic.com,337 Jana Center,Denver,CO,80299
973,Ruy,Orro,rorror0@home.pl,65926 Hooker Parkway,Houston,TX,77060
974,Eliot,Couves,ecouvesr1@gravatar.com,552 Mayfield Trail,Washington,DC,20022
975,Tucky,Langabeer,tlangabeerr2@harvard.edu,3 Spenser Crossing,Grand Rapids,MI,49505
976,Augusto,Straniero,astranieror3@merriam-webster.com,65311 Portage Crossing,Pittsburgh,PA,15261
977,Bond,Curd,bcurdr4@booking.com,30 Bobwhite Park,Pittsburgh,PA,15261
978,Maddy,Cordy,mcordyr5@disqus.com,9 Old Gate Circle,Miami,FL,33129
979,Glenna,Danbury,gdanburyr6@woothemes.com,6 American Alley,Huntington,WV,25775
980,Helena,Blandamere,hblandamerer7@omniture.com,83600 Talisman Pass,Pittsburgh,PA,15274
981,Peg,Djekovic,pdjekovicr8@cpanel.net,49649 Nevada Pass,Mobile,AL,36689
982,Georgie,Sowman,gsowmanr9@bravesites.com,1 Union Center,Rockford,IL,61110
983,Del,Jaouen,djaouenra@npr.org,6160 Granby Avenue,Rochester,NY,14646
984,Joyan,Packington,jpackingtonrb@naver.com,503 Superior Alley,New York City,NY,10090
985,Babara,Fooks,bfooksrc@macromedia.com,8 Mallard Alley,Wilkes Barre,PA,18768
986,Nadine,Trattles,ntrattlesrd@usatoday.com,7 7th Parkway,Las Cruces,NM,88006
987,Gearalt,Donwell,gdonwellre@comsenz.com,6633 Sheridan Center,Miami,FL,33185
988,Matt,Jallin,mjallinrf@thetimes.co.uk,391 Michigan Pass,Silver Spring,MD,20910
989,Meridel,Wheowall,mwheowallrg@sciencedirect.com,0395 Dapin Pass,Prescott,AZ,86305
990,Phip,Burlingham,pburlinghamrh@buzzfeed.com,81434 Blue Bill Park Hill,Asheville,NC,28805
991,Dorise,Rotherforth,drotherforthri@biglobe.ne.jp,75506 Memorial Park,Wilmington,DE,19886
992,Talbert,Duerden,tduerdenrj@cnn.com,98 Badeau Hill,Minneapolis,MN,55448
993,Marcelle,Schirok,mschirokrk@nhs.uk,08722 Hallows Point,Erie,PA,16550
994,Lia,Caple,lcaplerl@nytimes.com,8177 Warbler Trail,Rockford,IL,61105
995,Davide,Klawi,dklawirm@ow.ly,5053 High Crossing Crossing,San Francisco,CA,94142
996,Eadie,Fones,efonesrn@mashable.com,671 Southridge Junction,Tuscaloosa,AL,35405
997,Fletcher,Pinyon,fpinyonro@unblog.fr,088 Hallows Hill,Johnstown,PA,15906
998,Hildagard,Lenormand,hlenormandrp@sbwire.com,1643 Waywood Crossing,Seattle,WA,98175
999,Nicola,Kits,nkitsrq@unicef.org,68 Superior Pass,Buffalo,NY,14210
1000,Kirsten,Coode,kcooderr@furl.net,0 Coleman Hill,San Antonio,TX,78235
